User Name,User Email,User Risk Score,Risk Score Change,Last Risk Score Change Time,Activities Score,Incidents Score,Threats Score,Top Services,Incidents Count,Threats Count,Anomalies Count,Activities Count,ad_firstname,gsuite_domainname,ad_ad-security-groups,ad_city,userid,ad_office,ad_office365_group,ad_department,ingestedTime,gsuite_email,ad_mail,email,@s_deleted,ad_email,ad_streetaddress,ad_ad-office365-groups,ad_company,ad_domain,gsuite_grouppath,ad_displayname,ad_security_group,ad_userprincipalname,ad_ad-mail-enabled-groups,ad_mail_enabled_security_group,ad_lastlame,ad_userprincipalpame,ad_manager,gsuite_orgunitpath,prvactioncount
sanjeev_neelarapu@mcafee.com,sanjeev_neelarapu@mcafee.com,1,0,2024-04-25 00:00:00.000+0000,1,1,1,"[citrix sharefile, cisco webex teams]",0,0,0,6020,,,,,,,,,2024-04-26T07:05:09.700Z,,,,,,,,,,,,,,,,,,,,
user2@skyhighcsm1.onmicrosoft.com,user2@skyhighcsm1.onmicrosoft.com,1,0,2024-04-25 00:00:00.000+0000,1,1,1,[microsoft - teams],0,0,0,0,,,,,,,,,2024-04-26T07:05:11.500Z,,,,,,,,,,,,,,,,,,,,
sedlp@sedlp.onmicrosoft.com,sedlp@sedlp.onmicrosoft.com,1,0,2024-04-25 00:00:00.000+0000,5,1,1,"[sharepoint, azuread, onedrive, exchange online]",0,0,0,0,,,,,,,,,2024-04-26T07:05:09.500Z,,,[sedlp@sedlp.onmicrosoft.com],,,,,,,,,,,,,,,,,[116.0]
user1@skyhighcsm1.onmicrosoft.com,user1@skyhighcsm1.onmicrosoft.com,1,0,2024-04-25 00:00:00.000+0000,1,1,1,[microsoft - teams],3,0,0,1880,,,,,,,,,2024-04-26T07:04:53.900Z,,,,,,,,,,,,,,,,,,,,
dynamicsinstaller@onmicrosoft.com,dynamicsinstaller@onmicrosoft.com,1,0,2024-04-25 00:00:00.000+0000,1,1,1,[microsoft dynamics 365],0,0,0,0,,,,,,,,,2024-04-26T07:05:12.200Z,,,,,,,,,,,,,,,,,,,,
aadtosharepointsync,aadtosharepointsync,1,0,2024-04-25 00:00:00.000+0000,1,1,1,[sharepoint],0,0,0,0,,,,,,,,,2024-04-26T07:04:53.700Z,,,,,,,,,,,,,,,,,,,,
cloud-bu-csp-licenses@trellix.com,cloud-bu-csp-licenses@trellix.com,2,0,2024-04-25 00:00:00.000+0000,7,1,1,"[citrix sharefile, domo, slack]",78,0,0,10232,,,,,,,,,2024-04-26T07:05:09.700Z,,,[cloud-bu-csp-licenses@trellix.com],,,,,,,,,,,,,,,,,[54.0]
shndlp01+1@shndlp01.com,shndlp01+1@shndlp01.com,1,0,2024-04-25 00:00:00.000+0000,1,1,1,[smartsheet - project management],0,0,0,957,,,,,,,,,2024-04-26T07:04:53.900Z,,,,,,,,,,,,,,,,,,,,
diwakar@skyhightest2.onmicrosoft.com,diwakar@skyhightest2.onmicrosoft.com,1,0,2024-04-25 00:00:00.000+0000,1,1,1,[docusign],0,0,3,125,,,,,,,,,2024-04-26T07:05:09.500Z,,,,,,,,,,,,,,,,,,,,
unknown,unknown,1,0,2024-04-25 00:00:00.000+0000,1,1,1,[microsoft dynamics 365],0,0,0,144626,,,,,,,,,2024-04-26T07:05:11.400Z,,,,,,,,,,,,,,,,,,,,
serviceprincipal_7df755e1-e28b-472e-b9d6-91006f13f2b6,serviceprincipal_7df755e1-e28b-472e-b9d6-91006f13f2b6,1,0,2024-04-25 00:00:00.000+0000,2,1,1,[azuread],0,0,0,0,,,,,,,,,2024-04-26T07:05:09.500Z,,,[serviceprincipal_7df755e1-e28b-472e-b9d6-91006f13f2b6],,,,,,,,,,,,,,,,,[17.0]
se-dlp@sedlp.us,se-dlp@sedlp.us,1,0,2024-04-25 00:00:00.000+0000,2,1,1,[google drive],382,0,31,9479,,,,,,,,,2024-04-26T07:05:11.700Z,,,[se-dlp@sedlp.us],,,,,,,,,,,,,,,,,[1.0]
dams@onmicrosoft.com,dams@onmicrosoft.com,1,0,2024-04-25 00:00:00.000+0000,1,1,1,[microsoft dynamics 365],0,0,0,0,,,,,,,,,2024-04-26T07:05:38.700Z,,,,,,,,,,,,,,,,,,,,
microsoft\serviceaccount,microsoft\serviceaccount,1,0,2024-04-25 00:00:00.000+0000,1,1,1,[sharepoint],0,0,0,17,,,,,,,,,2024-04-26T07:05:09.700Z,,,,,,,,,,,,,,,,,,,,
user1@shnhyddev011.onmicrosoft.com,user1@shnhyddev011.onmicrosoft.com,1,0,2024-04-25 00:00:00.000+0000,2,1,1,"[sharepoint, azuread]",0,0,0,0,,,,,,,,,2024-04-26T07:04:53.700Z,,,[user1@shnhyddev011.onmicrosoft.com],,,,,,,,,,,,,,,,,[113.0]
aibuilderprod@onmicrosoft.com,aibuilderprod@onmicrosoft.com,1,0,2024-04-25 00:00:00.000+0000,1,1,1,[microsoft dynamics 365],0,0,0,1390,,,,,,,,,2024-04-26T07:05:19.100Z,,,,,,,,,,,,,,,,,,,,
shiben.chouhan@skyhighsecurity.com,shiben.chouhan@skyhighsecurity.com,1,0,2024-04-25 00:00:00.000+0000,1,1,1,"[atlassian jira, azuread]",0,0,0,4996,,,,,,,,,2024-04-26T07:05:38.700Z,,,,,,,,,,,,,,,,,,,,
mcafeeappuser@shndevhari.com,mcafeeappuser@shndevhari.com,1,0,2024-04-25 00:00:00.000+0000,1,1,1,[microsoft dynamics 365],0,0,0,33832,,,,,,,,,2024-04-26T07:05:38.600Z,,,,,,,,,,,,,,,,,,,,
smita_pantula@mcafee.com,smita_pantula@mcafee.com,1,0,2024-04-25 00:00:00.000+0000,1,1,1,[jive hosted],0,0,0,0,,,,,,,,,2024-04-26T07:05:38.600Z,,,,,,,,,,,,,,,,,,,,
shn.smkqaas2+1@gmail.com,shn.smkqaas2+1@gmail.com,2,0,2024-04-25 00:00:00.000+0000,6,1,1,"[box, slack, github for business, exchange online]",0,0,24,5170,,,,,,,,,2024-04-26T07:04:53.700Z,,,[shn.smkqaas2+1@gmail.com],,,,,,,,,,,,,,,,,[32.0]
shn.smkqaas2@gmail.com,shn.smkqaas2@gmail.com,1,0,2024-04-25 00:00:00.000+0000,4,1,1,[box],0,0,3,1543,,,,,,,,,2024-04-26T07:05:11.700Z,,,,,,,,,,,,,,,,,,,,
ntauthority\system(microsoft.exchange.servicehost),ntauthority\system(microsoft.exchange.servicehost),1,0,2024-04-25 00:00:00.000+0000,1,1,1,[exchange online],0,0,0,0,,,,,,,,,2024-04-26T07:04:51.800Z,,,[ntauthority\system(microsoft.exchange.servicehost)],,,,,,,,,,,,,,,,,[660.0]
s-1-5-18,s-1-5-18,1,0,2024-04-25 00:00:00.000+0000,1,1,1,[exchange online],0,0,0,0,,,,,,,,,2024-04-26T07:05:11.700Z,,,,,,,,,,,,,,,,,,,,
cdsfilestorage@onmicrosoft.com,cdsfilestorage@onmicrosoft.com,1,0,2024-04-25 00:00:00.000+0000,1,1,1,[microsoft dynamics 365],0,0,0,4364,,,,,,,,,2024-04-26T07:05:11.700Z,,,,,,,,,,,,,,,,,,,,
shndlp01@shndlp01.com,shndlp01@shndlp01.com,1,0,2024-04-25 00:00:00.000+0000,1,1,1,[smartsheet - project management],0,0,0,2161,,,,,,,,,2024-04-26T07:05:39.600Z,,,,,,,,,,,,,,,,,,,,
powerplatformauthorization@onmicrosoft.com,powerplatformauthorization@onmicrosoft.com,1,0,2024-04-25 00:00:00.000+0000,1,1,1,[microsoft dynamics 365],0,0,0,474,,,,,,,,,2024-04-26T07:05:11.800Z,,,,,,,,,,,,,,,,,,,,
dlpapp,dlpapp,1,0,2024-04-25 00:00:00.000+0000,1,1,1,[microsoft - teams],0,0,0,0,,,,,,,,,2024-04-26T07:04:53.800Z,,,,,,,,,,,,,,,,,,,,
ccaanalytics@onmicrosoft.com,ccaanalytics@onmicrosoft.com,1,0,2024-04-25 00:00:00.000+0000,1,1,1,[microsoft dynamics 365],0,0,0,2703,,,,,,,,,2024-04-26T07:05:13.400Z,,,,,,,,,,,,,,,,,,,,
cdsusermanagement@onmicrosoft.com,cdsusermanagement@onmicrosoft.com,1,0,2024-04-25 00:00:00.000+0000,1,1,1,[microsoft dynamics 365],0,0,0,3209,,,,,,,,,2024-04-26T07:05:11.400Z,,,,,,,,,,,,,,,,,,,,
bap@onmicrosoft.com,bap@onmicrosoft.com,1,0,2024-04-25 00:00:00.000+0000,1,1,1,[microsoft dynamics 365],0,0,0,0,,,,,,,,,2024-04-26T07:05:11.500Z,,,,,,,,,,,,,,,,,,,,
dynamics365athena2@onmicrosoft.com,dynamics365athena2@onmicrosoft.com,1,0,2024-04-25 00:00:00.000+0000,1,1,1,[microsoft dynamics 365],0,0,0,8333,,,,,,,,,2024-04-26T07:05:39.600Z,,,,,,,,,,,,,,,,,,,,
u03qcfx6f4y,u03qcfx6f4y,1,0,2024-04-25 00:00:00.000+0000,1,1,1,[slack],16,0,0,10,,,,,,,,,2024-04-26T07:05:38.700Z,,,,,,,,,,,,,,,,,,,,
vinod.naik@skyhighsecurity.com,vinod.naik@skyhighsecurity.com,1,0,2024-04-25 00:00:00.000+0000,1,1,1,[airtable],0,0,1,1351,,,,,,,,,2024-04-26T07:05:11.700Z,,,,,,,,,,,,,,,,,,,,
datalakestorage@onmicrosoft.com,datalakestorage@onmicrosoft.com,1,0,2024-04-25 00:00:00.000+0000,1,1,1,[microsoft dynamics 365],0,0,0,240,,,,,,,,,2024-04-26T07:04:54.700Z,,,,,,,,,,,,,,,,,,,,
sharepoint\system,sharepoint\system,1,0,2024-04-25 00:00:00.000+0000,1,1,1,"[sharepoint, onedrive]",0,0,0,84,,,,,,,,,2024-04-26T07:05:11.500Z,,,,,,,,,,,,,,,,,,,,
cascadepopprod,cascadepopprod,1,0,2024-04-25 00:00:00.000+0000,1,1,1,[microsoft - teams],0,0,0,0,,,,,,,,,2024-04-26T07:05:11.700Z,,,,,,,,,,,,,,,,,,,,
nonadmin@shndevhari.com,nonadmin@shndevhari.com,1,0,2024-04-25 00:00:00.000+0000,1,1,1,[microsoft dynamics 365],0,0,0,0,,,,,,,,,2024-04-26T07:04:51.700Z,,,,,,,,,,,,,,,,,,,,
serviceprincipal_e760fb85-45bb-48ae-a0c6-30ed18a71751,serviceprincipal_e760fb85-45bb-48ae-a0c6-30ed18a71751,1,0,2024-04-25 00:00:00.000+0000,2,1,1,[azuread],0,0,0,0,,,,,,,,,2024-04-26T07:05:39.600Z,,,[serviceprincipal_e760fb85-45bb-48ae-a0c6-30ed18a71751],,,,,,,,,,,,,,,,,[54.0]
user2@sedlp.onmicrosoft.com,user2@sedlp.onmicrosoft.com,1,0,2024-04-25 00:00:00.000+0000,1,1,1,"[sharepoint, azuread, exchange online]",0,0,0,0,,,,,,,,,2024-04-26T07:05:38.700Z,,,,,,,,,,,,,,,,,,,,
aibuilder_structuredml_prod_cds@onmicrosoft.com,aibuilder_structuredml_prod_cds@onmicrosoft.com,1,0,2024-04-25 00:00:00.000+0000,1,1,1,[microsoft dynamics 365],0,0,0,4175,,,,,,,,,2024-04-26T07:05:13.400Z,,,,,,,,,,,,,,,,,,,,
admin@skyhighcsm1.onmicrosoft.com,admin@skyhighcsm1.onmicrosoft.com,1,0,2024-04-25 00:00:00.000+0000,1,1,1,[microsoft - teams],0,0,3,360,,,,,,,,,2024-04-26T07:05:11.400Z,,,[admin@skyhighcsm1.onmicrosoft.com],,,,,,,,,,,,,,,,,[1.0]
neerada@skyhightest3.onmicrosoft.com,neerada@skyhightest3.onmicrosoft.com,1,0,2024-04-25 00:00:00.000+0000,5,1,1,[slack],0,0,1,227,,,,,,,,,2024-04-26T07:05:11.800Z,,,[neerada@skyhightest3.onmicrosoft.com],,,,,,,,,,,,,,,,,[6.0]
user1@sedlp.onmicrosoft.com,user1@sedlp.onmicrosoft.com,2,0,2024-04-25 00:00:00.000+0000,7,1,1,"[box, sharepoint, azuread, slack, onedrive, github for business, exchange online]",0,0,0,0,,,,,,,,,2024-04-26T07:05:19.100Z,,,[user1@sedlp.onmicrosoft.com],,,,,,,,,,,,,,,,,[53.0]
jobsserviceprod@onmicrosoft.com,jobsserviceprod@onmicrosoft.com,1,0,2024-04-25 00:00:00.000+0000,1,1,1,[microsoft dynamics 365],0,0,0,13933,,,,,,,,,2024-04-26T07:04:54.700Z,,,,,,,,,,,,,,,,,,,,
user2@shnhyddev011.onmicrosoft.com,user2@shnhyddev011.onmicrosoft.com,1,0,2024-04-25 00:00:00.000+0000,1,1,1,[azuread],0,0,0,0,,,,,,,,,2024-04-26T07:05:12.200Z,,,,,,,,,,,,,,,,,,,,
skyhighsectesting@gmail.com,skyhighsectesting@gmail.com,2,0,2024-04-25 00:00:00.000+0000,7,1,1,"[box, domo, slack, github for business, exchange online]",0,0,0,34586,,,,,,,,,2024-04-26T07:05:11.800Z,,,,,,,,,,,,,,,,,,,,
ntauthority\system(w3wp),ntauthority\system(w3wp),1,0,2024-04-25 00:00:00.000+0000,1,1,1,[exchange online],0,0,0,0,,,,,,,,,2024-04-26T07:05:11.400Z,,,[ntauthority\system(w3wp)],,,,,,,,,,,,,,,,,[21.0]
neerada@skyhightest4.onmicrosoft.com,neerada@skyhightest4.onmicrosoft.com,1,0,2024-04-25 00:00:00.000+0000,1,1,1,"[microsoft - teams, workplace by facebook, github for business]",0,0,0,3,,,,,,,,,2024-04-26T07:04:53.800Z,,,,,,,,,,,,,,,,,,,,
relevancesearch@onmicrosoft.com,relevancesearch@onmicrosoft.com,1,0,2024-04-25 00:00:00.000+0000,1,1,1,[microsoft dynamics 365],0,0,0,5496,,,,,,,,,2024-04-26T07:05:13.400Z,,,,,,,,,,,,,,,,,,,,
dl_skyhigh_csp_integrations@skyhighsecurity.com,dl_skyhigh_csp_integrations@skyhighsecurity.com,1,0,2024-04-25 00:00:00.000+0000,1,1,1,"[atlassian jira, airtable]",0,0,8,3940,,,,,,,,,2024-04-26T07:05:11.500Z,,,,,,,,,,,,,,,,,,,,
mcafeemvisioncloud,mcafeemvisioncloud,1,0,2024-04-25 00:00:00.000+0000,1,1,1,[bitbucket],0,0,0,5523,,,,,,,,,2024-04-26T07:05:11.800Z,,,,,,,,,,,,,,,,,,,,
admin@shnhyddev011.onmicrosoft.com,admin@shnhyddev011.onmicrosoft.com,1,0,2024-04-25 00:00:00.000+0000,1,1,1,"[microsoft - teams, sharepoint, azuread]",0,0,0,0,,,,,,,,,2024-04-26T07:05:09.700Z,,,[admin@shnhyddev011.onmicrosoft.com],,,,,,,,,,,,,,,,,[1.0]
cdsglobaldiscovery@onmicrosoft.com,cdsglobaldiscovery@onmicrosoft.com,1,0,2024-04-25 00:00:00.000+0000,1,1,1,[microsoft dynamics 365],0,0,0,0,,,,,,,,,2024-04-26T07:05:38.700Z,,,,,,,,,,,,,,,,,,,,
app@sharepoint,app@sharepoint,1,0,2024-04-25 00:00:00.000+0000,4,1,1,"[sharepoint, onedrive]",0,1,11,144581,,,,,,,,,2024-04-26T07:05:09.500Z,,,[app@sharepoint],,,,,,,,,,,,,,,,,[137.0]
serviceprincipal_fc5843c6-bfa7-4402-9f21-070759f75bbc,serviceprincipal_fc5843c6-bfa7-4402-9f21-070759f75bbc,1,0,2024-04-25 00:00:00.000+0000,2,1,1,[azuread],0,0,0,0,,,,,,,,,2024-04-26T07:04:53.800Z,,,[serviceprincipal_fc5843c6-bfa7-4402-9f21-070759f75bbc],,,,,,,,,,,,,,,,,[27.0]
shn.smokeqaas2+1@gmail.com,shn.smokeqaas2+1@gmail.com,1,0,2024-04-25 00:00:00.000+0000,1,1,1,[salesforce],0,0,0,0,,,,,,,,,2024-04-26T07:04:53.900Z,,,,,,,,,,,,,,,,,,,,
harinandan@shndevhari.com,harinandan@shndevhari.com,1,0,2024-04-25 00:00:00.000+0000,1,1,1,[microsoft dynamics 365],0,0,0,2836,,,,,,,,,2024-04-26T07:04:51.600Z,,,,,,,,,,,,,,,,,,,,
nonadmin@shndevhari.com,nonadmin@shndevhari.com,1,0,2024-08-02 00:00:00.000+0000,1,1,1,[microsoft dynamics 365],0,0,0,0,,,,,,,,,2024-08-03T04:05:09.500Z,,,,,,,,,,,,,,,,,,,,
powervirtualagentsprod@onmicrosoft.com,powervirtualagentsprod@onmicrosoft.com,1,0,2024-09-23 00:00:00.000+0000,1,1,1,[microsoft dynamics 365],0,0,0,0,,,,,,,,,2024-09-24T05:10:51.300Z,,,,,,,,,,,,,,,,,,,,
admin@shndevhari.onmicrosoft.com,admin@shndevhari.onmicrosoft.com,1,0,2024-10-27 00:00:00.000+0000,1,1,1,[microsoft dynamics 365],0,0,0,0,,,,,,,,,2024-10-28T06:36:56.900Z,,,,,,,,,,,,,,,,,,,,
user1@shnhyddev011.onmicrosoft.com,user1@shnhyddev011.onmicrosoft.com,1,0,2024-11-07 00:00:00.000+0000,1,1,1,[microsoft - teams],0,0,0,0,,,,,,,,,2024-11-08T07:56:03.700Z,,,[user1@shnhyddev011.onmicrosoft.com],,,,,,,,,,,,,,,,,[10.0]
user2@shnhyddev011.onmicrosoft.com,user2@shnhyddev011.onmicrosoft.com,1,0,2024-11-03 00:00:00.000+0000,1,1,1,"[azuread, onedrive]",0,0,0,0,,,,,,,,,2024-11-04T07:04:41.800Z,,,,,,,,,,,,,,,,,,,,
dlpapp,dlpapp,1,0,2024-11-11 00:00:00.000+0000,1,1,1,[microsoft - teams],0,0,0,0,,,,,,,,,2024-11-12T07:17:16.500Z,,,,,,,,,,,,,,,,,,,,
serviceprincipal_fca6ee12-7a19-4e61-892a-5eb8002392a8,serviceprincipal_fca6ee12-7a19-4e61-892a-5eb8002392a8,1,0,2024-11-08 00:00:00.000+0000,1,1,1,[azuread],0,0,0,0,,,,,,,,,2024-11-09T07:40:36.200Z,,,[serviceprincipal_fca6ee12-7a19-4e61-892a-5eb8002392a8],,,,,,,,,,,,,,,,,[2.0]
ntauthority\system(w3wp),ntauthority\system(w3wp),1,0,2024-12-12 00:00:00.000+0000,1,1,1,[exchange online],0,0,0,0,,,,,,,,,2024-12-13T03:22:34.600Z,,,[ntauthority\system(w3wp)],,,,,,,,,,,,,,,,,[9.0]
dhanusha.m-ymw7@force.com,dhanusha.m-ymw7@force.com,1,0,2025-01-13 00:00:00.000+0000,1,1,1,[salesforce],0,0,0,0,,,,,,,,,2025-01-14T03:57:39.000Z,,,,,,,,,,,,,,,,,,,,
cdsglobaldiscovery@onmicrosoft.com,cdsglobaldiscovery@onmicrosoft.com,1,0,2025-01-14 00:00:00.000+0000,1,1,1,[microsoft dynamics 365],0,0,0,0,,,,,,,,,2025-01-15T03:56:12.100Z,,,,,,,,,,,,,,,,,,,,
skyhighuserwithclientcertificate,skyhighuserwithclientcertificate,1,0,2025-01-16 00:00:00.000+0000,1,1,1,[sap s/4hana cloud],0,0,0,0,,,,,,,,,2025-01-17T06:10:26.600Z,,,,,,,,,,,,,,,,,,,,
smoketenantteamsoauthapp,smoketenantteamsoauthapp,1,0,2025-01-26 00:00:00.000+0000,1,1,1,[microsoft - teams],0,0,0,0,,,,,,,,,2025-01-27T03:52:59.300Z,,,,,,,,,,,,,,,,,,,,
mcafeeskyhighforteams,mcafeeskyhighforteams,1,0,2025-01-26 00:00:00.000+0000,1,1,1,[microsoft - teams],0,0,0,0,,,,,,,,,2025-01-27T03:33:43.300Z,,,,,,,,,,,,,,,,,,,,
rak@shnhydqa.onmicrosoft.com,rak@shnhydqa.onmicrosoft.com,1,0,2025-02-05 00:00:00.000+0000,1,1,1,[microsoft - teams],0,0,0,0,,,,,,,,,2025-02-06T04:37:03.100Z,,,,,,,,,,,,,,,,,,,,
teamscustomoauthapp2,teamscustomoauthapp2,1,0,2025-02-06 00:00:00.000+0000,1,1,1,[microsoft - teams],0,0,0,0,,,,,,,,,2025-02-07T08:18:49.100Z,,,,,,,,,,,,,,,,,,,,
teamsoauthapp,teamsoauthapp,1,0,2025-02-06 00:00:00.000+0000,1,1,1,[microsoft - teams],0,0,0,0,,,,,,,,,2025-02-07T08:18:37.700Z,,,,,,,,,,,,,,,,,,,,
vidisha.aggarwal@pwc.com,vidisha.aggarwal@pwc.com,1,0,2025-02-15 00:00:00.000+0000,1,1,1,[sap s/4hana cloud],0,0,0,0,,,,,,,,,2025-02-16T05:17:43.400Z,,,,,,,,,,,,,,,,,,,,
mohammed.m.mirza@pwc.com,mohammed.m.mirza@pwc.com,1,0,2025-03-23 00:00:00.000+0000,1,1,1,[sap s/4hana cloud],0,0,0,0,,,,,,,,,2025-03-24T06:50:49.500Z,,,,,,,,,,,,,,,,,,,,
user11@skyhighcsm1.onmicrosoft.com,user11@skyhighcsm1.onmicrosoft.com,1,0,2025-04-11 00:00:00.000+0000,2,1,1,[azuread],0,0,0,0,,,,,,,,,2025-04-12T04:37:26.700Z,,,,,,,,,,,,,,,,,,,,
shn.smokeqaas2+1@gmail.com,shn.smokeqaas2+1@gmail.com,1,0,2025-04-26 00:00:00.000+0000,1,1,1,[salesforce],0,0,0,0,,,,,,,,,2025-04-28T02:27:07.600Z,,,,,,,,,,,,,,,,,,,,
autoproc@00d1i000002la3auag,autoproc@00d1i000002la3auag,1,0,2025-04-26 00:00:00.000+0000,1,1,1,[salesforce],0,0,0,0,,,,,,,,,2025-04-28T02:27:06.700Z,,,,,,,,,,,,,,,,,,,,
megan.glasebrook-mcaloon@pwc.com,megan.glasebrook-mcaloon@pwc.com,1,0,2025-04-28 00:00:00.000+0000,1,1,1,[sap s/4hana cloud],0,0,0,0,,,,,,,,,2025-04-29T07:23:20.600Z,,,,,,,,,,,,,,,,,,,,
group_of-32375@sedlp.onmicrosoft.com,group_of-32375@sedlp.onmicrosoft.com,1,0,2025-04-30 00:00:00.000+0000,1,1,1,[exchange online],0,0,0,0,,,,,,,,,2025-05-01T10:15:47.700Z,,,,,,,,,,,,,,,,,,,,
ntauthority\system(microsoft.exchange.dsapi.grpc.netcore),ntauthority\system(microsoft.exchange.dsapi.grpc.netcore),1,0,2025-04-30 00:00:00.000+0000,1,1,1,[exchange online],0,0,0,0,,,,,,,,,2025-05-01T10:15:31.700Z,,,[ntauthority\system(microsoft.exchange.dsapi.grpc.netcore)],,,,,,,,,,,,,,,,,[2.0]
martin.g.porea@pwc.com,martin.g.porea@pwc.com,1,0,2025-05-21 00:00:00.000+0000,1,1,1,[sap s/4hana cloud],0,0,0,0,,,,,,,,,2025-05-22T03:55:09.700Z,,,,,,,,,,,,,,,,,,,,
shn.smkqaas2+2@gmail.com,shn.smkqaas2+2@gmail.com,1,0,2025-05-22 00:00:00.000+0000,1,1,1,[box],0,0,2,13,[shn],,,[Campbell],,[Hyderabad],,"[group2users, automation_usergroup_box]",2025-05-23T04:06:58.400Z,,,,,[shn.smkqaas2+2@gmail.com],[Campbell],,[SkyhighSecurity],[gmail],,[shn.smkqaas2+2],,,,,[smkqaas2+2],[shn.smkqaas2+2@gmail.com],[deepika@skyhighcsm.onmicrosoft.com],,
wendy.b.gipson@pwc.com,wendy.b.gipson@pwc.com,1,0,2025-05-22 00:00:00.000+0000,1,1,1,[sap s/4hana cloud],0,0,0,0,,,,,,,,,2025-05-23T04:08:18.600Z,,,,,,,,,,,,,,,,,,,,
user2@sedlp.onmicrosoft.com,user2@sedlp.onmicrosoft.com,1,0,2025-05-23 00:00:00.000+0000,1,1,1,[exchange online],0,0,0,0,,,,,[082f0b9f-0315-406a-ac10-a7665d0dd988],,"[internalexternal, test_old_flow_of, int_ext, adub20, ubuntu20teams, usprod,ms640, test_641_of, us_prod_ms_group, of_new_shnbin]",,2025-05-24T07:38:50.800Z,,[user2@sedlp.onmicrosoft.com],[user2@sedlp.onmicrosoft.com],,,,,,,,[user2],"[test_of_se, us_prod_se_group, test_680_se1]",[user2@sedlp.onmicrosoft.com],,"[test_680_se, qqqqq_me, test_680_me, new_shnbin_me, us_prod_me_group, test111,888,666_me, usprod,me640]",,,,,[4.0]
4c7510e3-9241-47ef-ab65-fe64950d493a,4c7510e3-9241-47ef-ab65-fe64950d493a,1,0,2025-05-29 00:00:00.000+0000,1,1,1,[azuread],0,0,0,0,,,,,,,,,2025-06-01T16:39:00.800Z,,,,,,,,,,,,,,,,,,,,
nikhil.manjunath@skyhighsecurity.com,nikhil.manjunath@skyhighsecurity.com,1,0,2025-05-30 00:00:00.000+0000,1,1,1,[airtable],0,0,0,0,,,,,[497b3a60-a146-4612-9f04-208d00713493],,"[test_671_metis_of, test,671,metisof]",,2025-06-01T16:38:57.700Z,,[nikhil.manjunath@skyhighsecurity.com],[nikhil.manjunath@skyhighsecurity.com],,,,,,,,[nikhil manjunath],"[test_671_metis_sec, test,671,metissec]",[nikhil.manjunath_skyhighsecurity.com#ext#@sedlp.onmicrosoft.com],,"[test,671,metisme, test_671_metis_me]",,,,,
runika.patel@pwc.com,runika.patel@pwc.com,1,0,2025-06-05 00:00:00.000+0000,1,1,1,[sap s/4hana cloud],0,0,0,0,,,,,,,,,2025-06-06T03:44:21.200Z,,,,,,,,,,,,,,,,,,,,
teamscustomoauthapp,teamscustomoauthapp,1,0,2025-06-27 00:00:00.000+0000,1,1,1,[microsoft - teams],0,0,0,0,,,,,,,,,2025-06-29T17:06:27.400Z,,,,,,,,,,,,,,,,,,,,
ntauthority\system(microsoft.exchange.servicehost),ntauthority\system(microsoft.exchange.servicehost),1,0,2025-06-26 00:00:00.000+0000,1,1,1,[exchange online],0,0,0,0,,,,,,,,,2025-06-27T03:28:53.100Z,,,[ntauthority\system(microsoft.exchange.servicehost)],,,,,,,,,,,,,,,,,[55.0]
jinal.p.patel@pwc.com,jinal.p.patel@pwc.com,1,0,2025-06-27 00:00:00.000+0000,1,1,1,[sap s/4hana cloud],0,0,0,0,,,,,,,,,2025-06-29T17:06:43.500Z,,,,,,,,,,,,,,,,,,,,
skyhighsecurityteamsapp,skyhighsecurityteamsapp,1,0,2025-06-27 00:00:00.000+0000,1,1,1,[microsoft - teams],0,0,0,0,,,,,,,,,2025-06-29T17:06:43.700Z,,,,,,,,,,,,,,,,,,,,
dams@onmicrosoft.com,dams@onmicrosoft.com,1,0,2025-06-28 00:00:00.000+0000,1,1,1,[microsoft dynamics 365],0,0,0,0,,,,,,,,,2025-06-29T17:06:43.700Z,,,,,,,,,,,,,,,,,,,,
serviceprincipal_fc5843c6-bfa7-4402-9f21-070759f75bbc,serviceprincipal_fc5843c6-bfa7-4402-9f21-070759f75bbc,1,0,2025-07-02 00:00:00.000+0000,1,1,1,[azuread],0,0,0,0,,,,,,,,,2025-07-03T03:43:30.500Z,,,[serviceprincipal_fc5843c6-bfa7-4402-9f21-070759f75bbc],,,,,,,,,,,,,,,,,[1.0]
serviceprincipal_e760fb85-45bb-48ae-a0c6-30ed18a71751,serviceprincipal_e760fb85-45bb-48ae-a0c6-30ed18a71751,1,0,2025-07-02 00:00:00.000+0000,1,1,1,[azuread],0,0,0,0,,,,,,,,,2025-07-03T03:43:32.900Z,,,[serviceprincipal_e760fb85-45bb-48ae-a0c6-30ed18a71751],,,,,,,,,,,,,,,,,[5.0]
rasika.j.patki@pwc.com,rasika.j.patki@pwc.com,1,0,2025-07-05 00:00:00.000+0000,1,1,1,[sap s/4hana cloud],0,0,0,0,,,,,,,,,2025-07-06T12:02:25.800Z,,,,,,,,,,,,,,,,,,,,
user5@shnhydqa.onmicrosoft.com,user5@shnhydqa.onmicrosoft.com,1,0,2025-07-05 00:00:00.000+0000,1,1,1,[slack],0,0,0,0,,,,,,,,,2025-07-06T12:02:26.400Z,,,,,,,,,,,,,,,,,,,,
quartzite@onmicrosoft.com,quartzite@onmicrosoft.com,1,0,2025-07-09 00:00:00.000+0000,1,1,1,[microsoft dynamics 365],0,0,0,0,,,,,,,,,2025-07-10T03:43:53.000Z,,,,,,,,,,,,,,,,,,,,
serviceprincipal_eea8cd01-5f63-4e7c-860e-0c429659e292,serviceprincipal_eea8cd01-5f63-4e7c-860e-0c429659e292,1,0,2025-08-24 00:00:00.000+0000,1,1,1,[azuread],0,0,0,0,,,,,,,,,2025-08-25T06:05:06.300Z,,,[serviceprincipal_eea8cd01-5f63-4e7c-860e-0c429659e292],,,,,,,,,,,,,,,,,[23.0]
serviceprincipal_12fb958a-1edd-4941-afc8-70336a605420,serviceprincipal_12fb958a-1edd-4941-afc8-70336a605420,1,0,2025-08-24 00:00:00.000+0000,1,1,1,[azuread],0,0,0,2,,,,,,,,,2025-08-25T06:05:08.300Z,,,[serviceprincipal_12fb958a-1edd-4941-afc8-70336a605420],,,,,,,,,,,,,,,,,[3.0]
botuser-t5b8v3teh-a033gks20t0@slack-bots.com,botuser-t5b8v3teh-a033gks20t0@slack-bots.com,1,0,2025-08-24 00:00:00.000+0000,1,1,1,[slack],0,0,0,2,,,,,,,,,2025-08-25T06:05:25.100Z,,,[botuser-t5b8v3teh-a033gks20t0@slack-bots.com],,,,,,,,,,,,,,,,,[2.0]
serviceprincipal_e1dc79a3-82c6-47b6-968c-e56bacc2d39a,serviceprincipal_e1dc79a3-82c6-47b6-968c-e56bacc2d39a,1,0,2025-08-24 00:00:00.000+0000,1,1,1,[azuread],0,0,0,0,,,,,,,,,2025-08-25T06:05:25.100Z,,,[serviceprincipal_e1dc79a3-82c6-47b6-968c-e56bacc2d39a],,,,,,,,,,,,,,,,,[2.0]
aemuser,aemuser,1,0,2025-08-24 00:00:00.000+0000,1,1,1,[sap s/4hana cloud],0,0,0,0,,,,,,,,,2025-08-25T06:05:07.000Z,,,,,,,,,,,,,,,,,,,,
user11@skyhighcsm1.onmicrosoft.com,user11@skyhighcsm1.onmicrosoft.com,1,0,2025-08-24 00:00:00.000+0000,1,1,1,[azuread],0,0,0,0,,,,,[72330a42-168c-43c3-8133-58270fa65c0b],,[team],,2025-08-25T06:05:07.500Z,,[user11@skyhighcsm1.onmicrosoft.com],[user11@skyhighcsm1.onmicrosoft.com],,,,,,,,[user11],,[user11@skyhighcsm1.onmicrosoft.com],,,,,,,
abdul.b.qadir@pwc.com,abdul.b.qadir@pwc.com,1,0,2025-08-24 00:00:00.000+0000,1,1,1,[sap s/4hana cloud],0,0,0,0,,,,,,,,,2025-08-25T06:05:07.000Z,,,,,,,,,,,,,,,,,,,,
aadtosharepointsync,aadtosharepointsync,1,0,2025-08-24 00:00:00.000+0000,1,1,1,[sharepoint],0,0,0,0,,,,,,,,,2025-08-25T06:05:25.100Z,,,,,,,,,,,,,,,,,,,,
serviceprincipal_811e8f23-08f8-46ad-b027-70f1147e3726,serviceprincipal_811e8f23-08f8-46ad-b027-70f1147e3726,1,0,2025-08-24 00:00:00.000+0000,1,1,1,[azuread],0,0,0,1,,,,,,,,,2025-08-25T06:05:08.700Z,,,[serviceprincipal_811e8f23-08f8-46ad-b027-70f1147e3726],,,,,,,,,,,,,,,,,[1.0]
sapcentralbusinessconfiguration,sapcentralbusinessconfiguration,1,0,2025-09-08 00:00:00.000+0000,1,1,1,[sap s/4hana cloud],0,0,0,0,,,,,,,,,2025-09-11T06:40:01.700Z,,,,,,,,,,,,,,,,,,,,
sapserviceprovidercockpit,sapserviceprovidercockpit,1,0,2025-09-08 00:00:00.000+0000,1,1,1,[sap s/4hana cloud],0,0,0,0,,,,,,,,,2025-09-11T06:40:02.600Z,,,,,,,,,,,,,,,,,,,,
user1@sedlp.onmicrosoft.com,user1@sedlp.onmicrosoft.com,1,0,2025-08-13 00:00:00.000+0000,1,1,1,[exchange online],0,0,0,0,,,,,[57bf96f6-7b67-459c-a01e-c5b0310d31cb],,"[test_671_site, test_6_4_1_team_site, testing,qwert,group1, test_links, test1, internalexternal, ubuntu20, provider, test_mgmt_webjob, test_6_4_1_5, test_6_4_1_3, zxc,asd.qwe, test,ad,comma,office365, test_641_of, test_6_4_1_1, test_6_4_1_2, test,671,metisof, qqqqq_of, test_old_flow_of, test_usprod_641, ubuntu20teams, test_671_metis_of, us_prod_ms_group, test_ad_office365, test4, qaautomationpubic, test_sharelink, test6, usprod,ms640, skyhightest, test_680_of, usersite, casb testing, aaa,bbb,ccc, test_o365_group1_ad_1, internalusers, test_6, test111,888,666_of]",,2025-08-14T03:33:12.400Z,,[user1@sedlp.onmicrosoft.com],[user1@sedlp.onmicrosoft.com],,,,,,,,[user1],"[test_of_se, nest_sec2, test_ad_sec, test1111_se, test,ad,comma,sec, us_prod_se_group, test_o365_group4_sec_new, test,671,metissec, qqqq_sec, test_o365_group1_sec_ad, test_671_metis_sec, test_680_se1, testing4,qwert,group, test111,888,666_sec, test5555_se]",[user1@sedlp.onmicrosoft.com],,"[ert,dfg,cvb, test_ad_mesec, testing1,qwert,group, nest_mailsec1, qqqqq_me, new_shnbin_me, test_old_flow_me, test_671_metis_me, test5555_me, group1, test_680_se, test_680_me, test,comma,sep,me1, us_prod_me_group, test641,me,,,,,, test_641_me, test1111_me, test111,888,666_me, test,ad,comma,mesec, usprod,me640, test_o365_group1_mailsec_new_ad]",,,,,[6.0]
brajesh.pandey@pwc.com,brajesh.pandey@pwc.com,1,0,2025-08-19 00:00:00.000+0000,1,1,1,[sap s/4hana cloud],0,0,0,0,,,,,,,,,2025-08-20T03:34:55.500Z,,,,,,,,,,,,,,,,,,,,
jagdish.panjwani@pwc.com,jagdish.panjwani@pwc.com,1,0,2025-09-13 00:00:00.000+0000,1,1,1,[sap s/4hana cloud],0,0,0,0,,,,,,,,,2025-09-14T06:05:00.800Z,,,,,,,,,,,,,,,,,,,,
serviceprincipal_a103a3ec-a9e9-4e15-887c-03e21353809b,serviceprincipal_a103a3ec-a9e9-4e15-887c-03e21353809b,1,0,2025-09-17 00:00:00.000+0000,1,1,1,[azuread],0,0,0,0,,,,,,,,,2025-09-18T03:35:40.600Z,,,[serviceprincipal_a103a3ec-a9e9-4e15-887c-03e21353809b],,,,,,,,,,,,,,,,,[4.0]
serviceprincipal_3784facc-0d5c-4d16-927c-8ca3084a04e7,serviceprincipal_3784facc-0d5c-4d16-927c-8ca3084a04e7,1,0,2025-09-17 00:00:00.000+0000,1,1,1,[azuread],0,0,0,0,,,,,,,,,2025-09-18T03:35:40.600Z,,,[serviceprincipal_3784facc-0d5c-4d16-927c-8ca3084a04e7],,,,,,,,,,,,,,,,,[40.0]
serviceprincipal_ad075033-0152-4cb1-a24c-05ae1c9d8688,serviceprincipal_ad075033-0152-4cb1-a24c-05ae1c9d8688,1,0,2025-09-17 00:00:00.000+0000,1,1,1,[azuread],0,0,0,0,,,,,,,,,2025-09-18T03:35:38.600Z,,,[serviceprincipal_ad075033-0152-4cb1-a24c-05ae1c9d8688],,,,,,,,,,,,,,,,,[20.0]
sedlp@sedlp.onmicrosoft.com,sedlp@sedlp.onmicrosoft.com,1,0,2025-09-16 00:00:00.000+0000,1,1,1,[atlassian confluence],0,0,0,0,,,,,[a81d1515-a1e5-4779-84fc-51e940016b8f],,"[test_671_site, splash-ea-team-site, test_6_4_1_team_site, test671, test1, hemasite_123, qatestautomation, internalexternal, ubuntu20, workplaces, provider, test_mgmt_webjob, test_6_4_1_5, test_6_4_1_3, test_6_4_1_1, test_6_4_1_2, test_o365_group3_new, test_usprod_641, ubuntu20teams, test6711, test4, test_sharelink, testsitecreation, test6, casb testing, with guest, internalusers]",,2025-09-17T03:50:33.300Z,,[sedlp@sedlp.onmicrosoft.com],[sedlp@sedlp.onmicrosoft.com],,,,,,,,[skyhigh dlp],"[test111,888,666_sec]",[sedlp@sedlp.onmicrosoft.com],,,,,,,[14.0]
dhanusha.m-fjuc@force.com,dhanusha.m-fjuc@force.com,1,0,2025-10-09 00:00:00.000+0000,1,1,1,[salesforce],0,0,0,0,,,,,,,,,2025-10-10T03:27:38.400Z,,,,,,,,,,,,,,,,,,,,
newqaautomationoauth,newqaautomationoauth,1,0,2025-10-09 00:00:00.000+0000,1,1,1,[microsoft - teams],0,0,0,0,,,,,,,,,2025-10-10T03:27:44.900Z,,,,,,,,,,,,,,,,,,,,
iag-integration,iag-integration,1,0,2025-10-09 00:00:00.000+0000,1,1,1,[sap s/4hana cloud],0,0,0,0,,,,,,,,,2025-10-10T03:27:36.000Z,,,,,,,,,,,,,,,,,,,,
anilbhumayya.kondi@skyhighsecurity.com,anilbhumayya.kondi@skyhighsecurity.com,1,0,2025-10-09 00:00:00.000+0000,1,1,1,[okta],0,0,0,0,,,,,,,,,2025-10-10T03:27:40.100Z,,,,,,,,,,,,,,,,,,,,
afcintegrationsap_com_0566,afcintegrationsap_com_0566,1,0,2025-10-09 00:00:00.000+0000,1,1,1,[sap s/4hana cloud],0,0,0,0,,,,,,,,,2025-10-10T03:27:36.000Z,,,,,,,,,,,,,,,,,,,,
user2@shnqa2.onmicrosoft.com,user2@shnqa2.onmicrosoft.com,1,0,2025-10-09 00:00:00.000+0000,1,1,1,"[azuread, exchange online]",0,0,0,0,,,,,,,,,2025-10-10T03:27:44.000Z,,,,,,,,,,,,,,,,,,,,
u04a45ruysf,u04a45ruysf,1,0,2025-10-03 00:00:00.000+0000,1,1,1,[slack],0,0,0,0,,,,,,,,,2025-10-04T06:05:46.300Z,,,,,,,,,,,,,,,,,,,,
sapcloudplatformextensionserviceintegration(sapmanaged),sapcloudplatformextensionserviceintegration(sapmanaged),1,0,2025-10-09 00:00:00.000+0000,1,1,1,[sap s/4hana cloud],0,0,0,0,,,,,,,,,2025-10-10T03:27:18.300Z,,,,,,,,,,,,,,,,,,,,
noreply@00dws00000cg3mdmat,noreply@00dws00000cg3mdmat,1,0,2025-10-09 00:00:00.000+0000,1,1,1,[salesforce],0,0,0,0,,,,,,,,,2025-10-10T03:27:40.100Z,,,,,,,,,,,,,,,,,,,,
admin@shnqa2.onmicrosoft.com,admin@shnqa2.onmicrosoft.com,1,0,2025-10-09 00:00:00.000+0000,1,1,1,"[microsoft - teams, azuread, exchange online]",0,0,0,0,,,,,,,,,2025-10-10T03:27:36.000Z,,,[admin@shnqa2.onmicrosoft.com],,,,,,,,,,,,,,,,,[4.0]
purviewdatalifecyclemanagementservice-phlclean-up,purviewdatalifecyclemanagementservice-phlclean-up,1,0,2025-10-09 00:00:00.000+0000,1,1,1,[sharepoint],0,0,0,9,,,,,,,,,2025-10-10T03:27:18.900Z,,,,,,,,,,,,,,,,,,,,
skyhighuserwithclientcertificate,skyhighuserwithclientcertificate,1,0,2025-10-09 00:00:00.000+0000,1,1,1,[sap s/4hana cloud],0,0,0,0,,,,,,,,,2025-10-10T03:27:36.800Z,,,,,,,,,,,,,,,,,,,,
shruthy.reddy.mekala@pwc.com,shruthy.reddy.mekala@pwc.com,1,0,2025-10-09 00:00:00.000+0000,1,1,1,[sap s/4hana cloud],0,0,0,0,,,,,,,,,2025-10-10T03:27:18.200Z,,,,,,,,,,,,,,,,,,,,
user1@shnqa2.onmicrosoft.com,user1@shnqa2.onmicrosoft.com,1,0,2025-10-09 00:00:00.000+0000,1,1,1,"[azuread, exchange online]",1,0,0,0,,,,,,,,,2025-10-10T03:27:18.200Z,,,[user1@shnqa2.onmicrosoft.com],,,,,,,,,,,,,,,,,[1.0]
dhanusha.m-je2p@force.com,dhanusha.m-je2p@force.com,1,0,2026-01-03 00:00:00.000+0000,1,1,1,[salesforce],0,0,0,0,,,,,,,,,2026-01-05T02:15:19.600Z,,,,,,,,,,,,,,,,,,,,
ivxcloud.devuser@gmail.com,ivxcloud.devuser@gmail.com,1,0,2025-12-20 00:00:00.000+0000,1,1,1,[zoom],0,0,0,0,,,,,,,,,2025-12-22T02:04:09.000Z,,,,,,,,,,,,,,,,,,,,
rhishikishore.tkc+staging@skyhighsecurity.com,rhishikishore.tkc+staging@skyhighsecurity.com,1,0,2026-02-14 00:00:00.000+0000,1,1,1,[okta],0,0,0,0,,,,,,,,,2026-02-15T04:05:50.400Z,,,,,,,,,,,,,,,,,,,,
prathyusha.kantasani+dj2@skyhighsecurity.com,prathyusha.kantasani+dj2@skyhighsecurity.com,1,0,2026-02-14 00:00:00.000+0000,1,1,1,[okta],0,0,0,0,,,,,,,,,2026-02-15T04:05:50.100Z,,,,,,,,,,,,,,,,,,,,
u07p2hr78bd,u07p2hr78bd,1,0,2026-01-28 00:00:00.000+0000,1,1,1,[slack],0,0,0,0,,,,,,,,,2026-01-29T03:51:56.400Z,,,,,,,,,,,,,,,,,,,,
u05948uqflk,u05948uqflk,1,0,2026-01-28 00:00:00.000+0000,1,1,1,[slack],0,0,0,0,,,,,,,,,2026-01-29T03:51:54.200Z,,,,,,,,,,,,,,,,,,,,
skyhighsectesting@yahoo.com,skyhighsectesting@yahoo.com,1,0,2026-01-28 00:00:00.000+0000,1,1,1,[slack],0,0,0,0,,,,,,,,,2026-01-29T03:51:54.900Z,,,,,,,,,,,,,,,,,,,,
dynamicsinstaller@onmicrosoft.com,dynamicsinstaller@onmicrosoft.com,1,0,2026-01-29 00:00:00.000+0000,1,1,1,[microsoft dynamics 365],0,0,0,0,,,,,,,,,2026-01-30T03:46:29.100Z,,,,,,,,,,,,,,,,,,,,
staging_rbac@yopmail.com,staging_rbac@yopmail.com,1,0,2026-01-30 00:00:00.000+0000,1,1,1,[okta],0,0,0,0,,,,,,,,,2026-01-31T03:34:12.100Z,,,,,,,,,,,,,,,,,,,,
skyhigh.stage.pool+001@skyhighlabs.net,skyhigh.stage.pool+001@skyhighlabs.net,1,0,2026-02-03 00:00:00.000+0000,1,1,1,[okta],0,0,0,0,,,,,,,,,2026-02-04T04:05:25.400Z,,,,,,,,,,,,,,,,,,,,
u03qcfx6f4y,u03qcfx6f4y,1,0,2026-02-21 00:00:00.000+0000,1,1,1,[slack],16,0,0,10,,,,,,,,,2026-02-22T04:07:38.700Z,,,,,,,,,,,,,,,,,,,,
u03plbc0815,u03plbc0815,1,0,2026-02-21 00:00:00.000+0000,1,1,1,[slack],70,0,0,0,,,,,,,,,2026-02-22T04:07:18.200Z,,,,,,,,,,,,,,,,,,,,
q3_staging_2025@yopmail.com,q3_staging_2025@yopmail.com,1,0,2026-02-21 00:00:00.000+0000,1,1,1,[okta],0,0,0,0,,,,,,,,,2026-02-22T04:07:36.100Z,,,,,,,,,,,,,,,,,,,,
cc_stg@yopmail.com,cc_stg@yopmail.com,1,0,2026-02-21 00:00:00.000+0000,1,1,1,[okta],0,0,0,0,,,,,,,,,2026-02-22T04:07:34.600Z,,,,,,,,,,,,,,,,,,,,
scp.beta.automation2@yopmail.com,scp.beta.automation2@yopmail.com,1,0,2026-02-21 00:00:00.000+0000,1,1,1,[okta],0,0,0,0,,,,,,,,,2026-02-22T04:07:22.400Z,,,,,,,,,,,,,,,,,,,,
udaykumarreddy.pamulapati+staging@skyhighsecurity.com,udaykumarreddy.pamulapati+staging@skyhighsecurity.com,1,0,2026-02-21 00:00:00.000+0000,1,1,1,[okta],0,0,0,0,,,,,,,,,2026-02-22T04:07:39.500Z,,,,,,,,,,,,,,,,,,,,
u093cmucccs,u093cmucccs,1,0,2026-02-21 00:00:00.000+0000,1,1,1,[slack],2,0,0,5,,,,,,,,,2026-02-22T04:07:40.400Z,,,,,,,,,,,,,,,,,,,,
cc_stg1@yopmail.com,cc_stg1@yopmail.com,1,0,2026-02-21 00:00:00.000+0000,1,1,1,[okta],0,0,0,0,,,,,,,,,2026-02-22T04:07:40.400Z,,,,,,,,,,,,,,,,,,,,
scp.nextgen_staging_1@yopmail.com,scp.nextgen_staging_1@yopmail.com,1,0,2026-03-11 00:00:00.000+0000,1,1,1,[okta],0,0,0,0,,,,,,,,,2026-03-12T04:05:41.500Z,,,,,,,,,,,,,,,,,,,,
0oaior8tycjxp7fkm1d7,0oaior8tycjxp7fkm1d7,1,0,2026-03-06 00:00:00.000+0000,1,1,1,[okta],0,0,0,0,,,,,,,,,2026-03-07T04:06:59.300Z,,,,,,,,,,,,,,,,,,,,
fabian.rodriguez+staging_dev@skyhighsecurity.com,fabian.rodriguez+staging_dev@skyhighsecurity.com,1,0,2026-03-06 00:00:00.000+0000,1,1,1,[okta],0,0,0,0,,,,,,,,,2026-03-07T04:07:01.600Z,,,,,,,,,,,,,,,,,,,,
ec_stg1@yopmail.com,ec_stg1@yopmail.com,1,0,2026-03-11 00:00:00.000+0000,1,1,1,[okta],0,0,0,0,,,,,,,,,2026-03-12T04:05:40.300Z,,,,,,,,,,,,,,,,,,,,
csi.aylesbury+staging1@gmail.com,csi.aylesbury+staging1@gmail.com,1,0,2026-03-14 00:00:00.000+0000,1,1,1,[okta],0,0,0,0,,,,,,,,,2026-03-15T04:05:33.400Z,,,,,,,,,,,,,,,,,,,,
mglm_stg_ce1@yopmail.com,mglm_stg_ce1@yopmail.com,1,0,2026-03-14 00:00:00.000+0000,1,1,1,[okta],0,0,0,0,,,,,,,,,2026-03-15T04:05:31.000Z,,,,,,,,,,,,,,,,,,,,
q4_staging_2025@yopmail.com,q4_staging_2025@yopmail.com,1,0,2026-03-14 00:00:00.000+0000,1,1,1,[okta],0,0,0,0,,,,,,,,,2026-03-15T04:05:16.500Z,,,,,,,,,,,,,,,,,,,,
fws.stagingtenant@yopmail.com,fws.stagingtenant@yopmail.com,1,0,2026-03-14 00:00:00.000+0000,1,1,1,[okta],0,0,0,0,,,,,,,,,2026-03-15T04:05:31.500Z,,,,,,,,,,,,,,,,,,,,
0oaioz7lf53lrqlyt1d7,0oaioz7lf53lrqlyt1d7,1,0,2026-03-14 00:00:00.000+0000,1,1,1,[okta],0,0,0,0,,,,,,,,,2026-03-15T04:05:29.800Z,,,,,,,,,,,,,,,,,,,,
reporting.automation9_stage@yopmail.com,reporting.automation9_stage@yopmail.com,1,0,2026-03-14 00:00:00.000+0000,1,1,1,[okta],0,0,0,0,,,,,,,,,2026-03-15T04:05:16.500Z,,,,,,,,,,,,,,,,,,,,
christian.wolf@skyhighsecurity.com,christian.wolf@skyhighsecurity.com,1,0,2026-03-14 00:00:00.000+0000,1,1,1,[okta],0,0,0,0,,,,,,,,,2026-03-15T04:05:30.600Z,,,,,,,,,,,,,,,,,,,,
baveproppepre-2227@yopmail.com,baveproppepre-2227@yopmail.com,1,0,2026-03-14 00:00:00.000+0000,1,1,1,[okta],0,0,0,0,,,,,,,,,2026-03-15T04:05:32.500Z,,,,,,,,,,,,,,,,,,,,
ash_staging_691@yopmail.com,ash_staging_691@yopmail.com,1,0,2026-03-14 00:00:00.000+0000,1,1,1,[okta],0,0,0,0,,,,,,,,,2026-03-15T04:05:16.500Z,,,,,,,,,,,,,,,,,,,,
roopali.pawar@skyhighsecurity.com,roopali.pawar@skyhighsecurity.com,1,0,2026-03-14 00:00:00.000+0000,1,1,1,[okta],0,0,0,0,,,,,,,,,2026-03-15T04:05:33.400Z,,,,,,,,,,,,,,,,,,,,
reporting.automation6_stage@yopmail.com,reporting.automation6_stage@yopmail.com,1,0,2026-03-14 00:00:00.000+0000,1,1,1,[okta],0,0,0,0,,,,,,,,,2026-03-15T04:05:31.700Z,,,,,,,,,,,,,,,,,,,,
e2e682_staging@yopmail.com,e2e682_staging@yopmail.com,1,0,2026-03-14 00:00:00.000+0000,1,1,1,[okta],0,0,0,0,,,,,,,,,2026-03-15T04:05:31.200Z,,,,,,,,,,,,,,,,,,,,
csi.aylesbury+staging2@gmail.com,csi.aylesbury+staging2@gmail.com,1,0,2026-03-14 00:00:00.000+0000,1,1,1,[okta],0,0,0,0,,,,,,,,,2026-03-15T04:05:34.100Z,,,,,,,,,,,,,,,,,,,,
reporting.automation1_stage@yopmail.com,reporting.automation1_stage@yopmail.com,1,0,2026-03-14 00:00:00.000+0000,1,1,1,[okta],0,0,0,0,,,,,,,,,2026-03-15T04:05:32.500Z,,,,,,,,,,,,,,,,,,,,
staging-admin@yopmail.com,staging-admin@yopmail.com,1,0,2026-03-14 00:00:00.000+0000,1,1,1,[okta],0,0,0,0,,,,,,,,,2026-03-15T04:05:31.800Z,,,,,,,,,,,,,,,,,,,,
regressionsubset+stage@gmail.com,regressionsubset+stage@gmail.com,1,0,2026-03-14 00:00:00.000+0000,1,1,1,[okta],0,0,0,0,,,,,,,,,2026-03-15T04:05:33.400Z,,,,,,,,,,,,,,,,,,,,
0oaior8u1no6p9szq1d7,0oaior8u1no6p9szq1d7,1,0,2026-03-14 00:00:00.000+0000,1,1,1,[okta],0,0,0,0,,,,,,,,,2026-03-15T04:05:30.900Z,,,,,,,,,,,,,,,,,,,,
newteststagging@gmail.com,newteststagging@gmail.com,1,0,2026-03-14 00:00:00.000+0000,1,1,1,[okta],0,0,0,24,,,,,,,,,2026-03-15T04:05:31.500Z,,,,,,,,,,,,,,,,,,,,
reporting.automation3_stage@yopmail.com,reporting.automation3_stage@yopmail.com,1,0,2026-03-14 00:00:00.000+0000,1,1,1,[okta],0,0,0,0,,,,,,,,,2026-03-15T04:05:31.500Z,,,,,,,,,,,,,,,,,,,,
reporting.automation2_stage@yopmail.com,reporting.automation2_stage@yopmail.com,1,0,2026-03-14 00:00:00.000+0000,1,1,1,[okta],0,0,0,0,,,,,,,,,2026-03-15T04:05:31.000Z,,,,,,,,,,,,,,,,,,,,
swadeep.dubey+staging@skyhighsecurity.com,swadeep.dubey+staging@skyhighsecurity.com,1,0,2026-03-14 00:00:00.000+0000,1,1,1,[okta],0,0,0,0,,,,,,,,,2026-03-15T04:05:31.000Z,,,,,,,,,,,,,,,,,,,,
sg_staging@yopmail.com,sg_staging@yopmail.com,1,0,2026-03-14 00:00:00.000+0000,1,1,1,[okta],0,0,0,0,,,,,,,,,2026-03-15T04:05:15.100Z,,,,,,,,,,,,,,,,,,,,
csi.aylesbury+staging3@gmail.com,csi.aylesbury+staging3@gmail.com,1,0,2026-03-14 00:00:00.000+0000,1,1,1,[okta],0,0,0,0,,,,,,,,,2026-03-15T04:05:30.600Z,,,,,,,,,,,,,,,,,,,,
anupam.saxena@skyhighsecurity.com,anupam.saxena@skyhighsecurity.com,1,0,2026-03-14 00:00:00.000+0000,1,1,1,[okta],0,0,0,0,,,,,,,,,2026-03-15T04:05:31.600Z,,,,,,,,,,,,,,,,,,,,
emaildlpqa+staging1@gmail.com,emaildlpqa+staging1@gmail.com,1,0,2026-03-14 00:00:00.000+0000,1,1,1,[okta],0,0,0,0,,,,,,,,,2026-03-15T04:05:30.900Z,,,,,,,,,,,,,,,,,,,,
deepika.mathur+staging@skyhighsecurity.com,deepika.mathur+staging@skyhighsecurity.com,1,0,2026-03-14 00:00:00.000+0000,1,1,1,[okta],0,0,0,0,,,,,,,,,2026-03-15T04:05:31.800Z,,,,,,,,,,,,,,,,,,,,
stg-test1@yopmail.com,stg-test1@yopmail.com,1,0,2026-03-14 00:00:00.000+0000,1,1,1,[okta],0,0,0,0,,,,,,,,,2026-03-15T04:05:34.200Z,,,,,,,,,,,,,,,,,,,,
0oaioz7h5b6hmqkdg1d7,0oaioz7h5b6hmqkdg1d7,1,0,2026-03-14 00:00:00.000+0000,1,1,1,[okta],0,0,0,0,,,,,,,,,2026-03-15T04:05:34.100Z,,,,,,,,,,,,,,,,,,,,
manasa.ananthapadmanabha@trellix.com.csqa,manasa.ananthapadmanabha@trellix.com.csqa,1,0,2026-04-18 00:00:00.000+0000,1,1,1,[salesforce],0,0,0,26,,,,,,,,,2026-04-19T04:05:52.000Z,,,,,,,,,,,,,,,,,,,,
skyhighsecurityforteams-eu,skyhighsecurityforteams-eu,1,0,2026-04-18 00:00:00.000+0000,1,1,1,[microsoft - teams],0,0,0,0,,,,,,,,,2026-04-19T04:05:56.300Z,,,,,,,,,,,,,,,,,,,,
meenukutty[cw],meenukutty[cw],1,0,2026-04-18 00:00:00.000+0000,1,1,1,[atlassian jira],0,0,0,0,,,,,,,,,2026-04-19T04:05:35.900Z,,,,,,,,,,,,,,,,,,,,
brian.barnes@trellix.com.csqa,brian.barnes@trellix.com.csqa,1,0,2026-04-18 00:00:00.000+0000,1,1,1,[salesforce],0,0,0,14,,,,,,,,,2026-04-19T04:05:52.100Z,,,,,,,,,,,,,,,,,,,,
system@okta.com,system@okta.com,1,0,2026-04-18 00:00:00.000+0000,1,1,1,[okta],0,0,0,0,,,,,,,,,2026-04-19T04:05:56.300Z,,,,,,,,,,,,,,,,,,,,
rahal.cheikh@trellix.com.csqa,rahal.cheikh@trellix.com.csqa,1,0,2026-04-18 00:00:00.000+0000,1,1,1,[salesforce],0,0,0,0,,,,,,,,,2026-04-19T04:05:35.900Z,,,,,,,,,,,,,,,,,,,,
sap_spc,sap_spc,1,0,2026-04-18 00:00:00.000+0000,1,1,1,[sap s/4hana cloud],0,0,0,0,,,,,,,,,2026-04-19T04:05:51.900Z,,,,,,,,,,,,,,,,,,,,
kirk.wiley@trellix.com.csqa,kirk.wiley@trellix.com.csqa,1,0,2026-04-18 00:00:00.000+0000,1,1,1,[salesforce],0,0,0,0,,,,,,,,,2026-04-19T04:05:37.700Z,,,,,,,,,,,,,,,,,,,,
brian.barnes@trellix.com,brian.barnes@trellix.com,1,0,2026-04-18 00:00:00.000+0000,1,1,1,[salesforce],0,0,0,444,,,,,,,,,2026-04-19T04:05:52.000Z,,,[brian.barnes@trellix.com],,,,,,,,,,,,,,,,,[1.0]
testcsmuser@trellix.com,testcsmuser@trellix.com,1,0,2026-04-18 00:00:00.000+0000,1,1,1,[salesforce],0,0,0,77,,,,,,,,,2026-04-19T04:06:47.000Z,,,,,,,,,,,,,,,,,,,,
arunkumar.m@trellix.com,arunkumar.m@trellix.com,1,0,2026-04-18 00:00:00.000+0000,1,1,1,[salesforce],0,0,0,311,,,,,,,,,2026-04-19T04:06:49.800Z,,,,,,,,,,,,,,,,,,,,
autoproc@00dwj000000tr292aa,autoproc@00dwj000000tr292aa,1,0,2026-04-18 00:00:00.000+0000,1,1,1,[salesforce],0,0,0,0,,,,,,,,,2026-04-19T04:05:37.100Z,,,,,,,,,,,,,,,,,,,,
automationoauthapp,automationoauthapp,1,0,2026-04-18 00:00:00.000+0000,1,1,1,[microsoft - teams],0,0,0,0,,,,,,,,,2026-04-19T04:05:35.800Z,,,,,,,,,,,,,,,,,,,,
testsmeuser1@trellix.com,testsmeuser1@trellix.com,1,0,2026-04-18 00:00:00.000+0000,1,1,1,[salesforce],0,0,0,103,,,,,,,,,2026-04-19T04:05:52.100Z,,,,,,,,,,,,,,,,,,,,
meenu.kutty@skyhighsecurity.com,meenu.kutty@skyhighsecurity.com,1,0,2026-04-18 00:00:00.000+0000,1,1,1,[atlassian jira],0,0,0,0,,,,,,,,,2026-04-19T04:06:47.000Z,,,[meenu.kutty@skyhighsecurity.com],,,,,,,,,,,,,,,,,[2.0]
svc-qa-provision@trellix.com.feprd.csqa,svc-qa-provision@trellix.com.feprd.csqa,1,0,2026-04-18 00:00:00.000+0000,1,1,1,[salesforce],0,0,0,16,,,,,,,,,2026-04-19T04:06:47.500Z,,,,,,,,,,,,,,,,,,,,
cascadepopprod,cascadepopprod,1,0,2026-04-18 00:00:00.000+0000,1,1,1,[microsoft - teams],0,0,0,0,,,,,,,,,2026-04-19T04:05:52.100Z,,,,,,,,,,,,,,,,,,,,
kirk.wiley@trellix.com,kirk.wiley@trellix.com,1,0,2026-04-18 00:00:00.000+0000,1,1,1,[salesforce],0,0,0,0,,,,,,,,,2026-04-19T04:05:51.500Z,,,,,,,,,,,,,,,,,,,,
s-1-5-18,s-1-5-18,1,0,2026-04-18 00:00:00.000+0000,1,1,1,[exchange online],0,0,0,0,,,,,,,,,2026-04-19T04:05:51.900Z,,,,,,,,,,,,,,,,,,,,
arunkumar.m@trellix.com.csqa,arunkumar.m@trellix.com.csqa,1,0,2026-04-18 00:00:00.000+0000,1,1,1,[salesforce],0,0,0,5,,,,,,,,,2026-04-19T04:05:51.500Z,,,,,,,,,,,,,,,,,,,,
ami.yokoyama@trellix.com,ami.yokoyama@trellix.com,1,0,2026-04-18 00:00:00.000+0000,1,1,1,[salesforce],0,0,0,0,,,,,,,,,2026-04-19T04:06:30.900Z,,,,,,,,,,,,,,,,,,,,
vidisha.aws@gmail.com,vidisha.aws@gmail.com,1,0,2026-04-18 00:00:00.000+0000,1,1,1,[github for business],0,0,0,0,[vidisha],,[ads],[bng],,[banglore],,[zoom],2026-04-19T04:06:30.900Z,,,[vidisha.aws@gmail.com],,[vidisha.aws@gmail.com],[bng],[ao],[mcafee],[zoom],,[zoomuser],,,[am],,[aws],[vidisha.aws@gmail.com],[sanjeev],,[1.0]
dali.johnson@trellix.com.csqa,dali.johnson@trellix.com.csqa,1,0,2026-04-18 00:00:00.000+0000,1,1,1,[salesforce],0,0,0,0,,,,,,,,,2026-04-19T04:05:52.000Z,,,,,,,,,,,,,,,,,,,,
rahal.cheikh@trellix.com,rahal.cheikh@trellix.com,1,0,2026-04-18 00:00:00.000+0000,1,1,1,[salesforce],0,0,0,0,,,,,,,,,2026-04-19T04:05:56.300Z,,,,,,,,,,,,,,,,,,,,
testcsmuser1@trellix.com,testcsmuser1@trellix.com,1,0,2026-04-18 00:00:00.000+0000,1,1,1,[salesforce],0,0,0,2,,,,,,,,,2026-04-19T04:06:30.900Z,,,,,,,,,,,,,,,,,,,,
dali.johnson@trellix.com,dali.johnson@trellix.com,1,0,2026-04-18 00:00:00.000+0000,1,1,1,[salesforce],0,0,0,0,,,,,,,,,2026-04-19T04:05:35.400Z,,,,,,,,,,,,,,,,,,,,
pandiaraj77@gmail.com,pandiaraj77@gmail.com,1,0,2026-05-30 00:00:00.000+0000,1,1,1,[box],0,0,0,0,,,,,,,,,2026-05-31T04:05:18.500Z,,,,,,,,,,,,,,,,,,,,
shn.smokeqaas2@gmail.com,shn.smokeqaas2@gmail.com,1,0,2026-06-18 00:00:00.000+0000,1,1,1,[dropbox for business],0,0,0,0,,,,,,,,,2026-06-19T03:40:28.000Z,,,[shn.smokeqaas2@gmail.com],,,,,,,,,,,,,,,,,[1.0]
admin@skyhigh6530.onmicrosoft.com,admin@skyhigh6530.onmicrosoft.com,1,0,2026-07-14 00:00:00.000+0000,1,1,1,[zoom],0,0,0,0,[admin],,[ads],[bng],,[banglore],,[zoom],2026-07-15T03:59:09.400Z,,,[admin@skyhigh6530.onmicrosoft.com],,[admin@skyhigh6530.onmicrosoft.com],[bng],[ao],[mcafee],[zoom],,[zoomadmin],,,[am],,[skyhigh],[admin@skyhigh6530.onmicrosoft.com],[sanjeev],,[3.0]
serviceprincipal_cf36fe9f-232e-4603-bc75-c90bd2265de4,serviceprincipal_cf36fe9f-232e-4603-bc75-c90bd2265de4,1,0,2026-07-27 00:00:00.000+0000,1,1,1,[azuread],0,0,0,0,,,,,,,,,2026-07-31T03:16:44.400Z,,,[serviceprincipal_cf36fe9f-232e-4603-bc75-c90bd2265de4],,,,,,,,,,,,,,,,,[66.0]
s-1-5-80-550926205-1983329194-899289033-3314134447-906570997,s-1-5-80-550926205-1983329194-899289033-3314134447-906570997,1,0,2026-08-01 00:00:00.000+0000,1,1,1,[exchange online],0,0,0,2,,,,,,,,,2026-08-02T04:05:04.300Z,,,,,,,,,,,,,,,,,,,,
mcafeeteamsapp,mcafeeteamsapp,1,0,2026-08-14 00:00:00.000+0000,1,1,1,[microsoft - teams],0,0,0,0,,,,,,,,,2026-08-15T04:05:10.000Z,,,,,,,,,,,,,,,,,,,,
mcafeeskyhighforteams-eu,mcafeeskyhighforteams-eu,1,0,2026-08-14 00:00:00.000+0000,1,1,1,[microsoft - teams],0,0,0,0,,,,,,,,,2026-08-15T04:05:08.200Z,,,,,,,,,,,,,,,,,,,,
bap@onmicrosoft.com,bap@onmicrosoft.com,1,0,2026-08-14 00:00:00.000+0000,1,1,1,[microsoft dynamics 365],0,0,0,0,,,,,,,,,2026-08-15T04:05:05.900Z,,,,,,,,,,,,,,,,,,,,
a1f8568a-93e0-4daf-b45b-0279eaa5d365,a1f8568a-93e0-4daf-b45b-0279eaa5d365,1,0,2026-08-21 00:00:00.000+0000,1,1,1,[microsoft - teams],0,0,0,0,,,,,,,,,2026-08-22T04:07:28.900Z,,,,,,,,,,,,,,,,,,,,
s-1-5-80-447828073-3829008076-3733868015-3112024911-3885364408,s-1-5-80-447828073-3829008076-3733868015-3112024911-3885364408,1,0,2026-08-22 00:00:00.000+0000,1,1,1,[exchange online],0,0,0,25,,,,,,,,,2026-08-23T04:04:47.000Z,,,,,,,,,,,,,,,,,,,,
ntservice\msexchangedsapigrpc(microsoft.exchange.dsapi.grpc.netcore),ntservice\msexchangedsapigrpc(microsoft.exchange.dsapi.grpc.netcore),1,0,2026-08-22 00:00:00.000+0000,1,1,1,[exchange online],0,0,0,9,,,,,,,,,2026-08-23T04:04:53.900Z,,,[ntservice\msexchangedsapigrpc(microsoft.exchange.dsapi.grpc.netcore)],,,,,,,,,,,,,,,,,[10.0]
skyhighsecurityforteams-govshn,skyhighsecurityforteams-govshn,1,0,2026-08-18 00:00:00.000+0000,1,1,1,[microsoft - teams],0,0,0,0,,,,,,,,,2026-08-19T04:07:23.700Z,,,,,,,,,,,,,,,,,,,,
shndlp01@shndlp01.com,shndlp01@shndlp01.com,1,0,2026-08-25 00:00:00.000+0000,1,1,1,[smartsheet - project management],0,0,0,2161,,,,,,,,,2026-08-26T04:10:55.200Z,,,,,,,,,,,,,,,,,,,,
dlcsecrmteam@trellix.com,dlcsecrmteam@trellix.com,1,0,2026-08-25 00:00:00.000+0000,1,1,1,[salesforce],0,0,0,382929,,,,,,,,,2026-08-26T04:10:54.100Z,,,[dlcsecrmteam@trellix.com],,,,,,,,,,,,,,,,,[2.0]
mahesh.munivenkatappa@trellix.com,mahesh.munivenkatappa@trellix.com,1,0,2026-08-25 00:00:00.000+0000,1,1,1,[salesforce],0,0,0,60760,,,,,,,,,2026-08-26T04:10:54.100Z,,,[mahesh.munivenkatappa@trellix.com],,,,,,,,,,,,,,,,,[18.0]
jagannatha.reddy@fireeye.com.invalid,jagannatha.reddy@fireeye.com.invalid,1,0,2026-08-25 00:00:00.000+0000,1,1,1,[salesforce],0,0,0,47,,,,,,,,,2026-08-26T04:11:01.200Z,,,,,,,,,,,,,,,,,,,,
unknown,unknown,1,0,2026-08-25 00:00:00.000+0000,1,1,1,"[microsoft dynamics 365, anthropic-claude]",0,0,0,144626,,,,,,,,,2026-08-26T04:10:45.400Z,,,,,,,,,,,,,,,,,,,,
github,github,1,0,2026-08-25 00:00:00.000+0000,1,1,1,[github for business],0,0,0,90,,,,,,,,,2026-08-26T04:11:07.200Z,,,,,,,,,,,,,,,,,,,,
m365_copilot_admin,m365_copilot_admin,1,0,2026-08-25 00:00:00.000+0000,1,1,1,[microsoft copilot],0,0,0,115,,,,,,,,,2026-08-26T04:11:06.600Z,,,,,,,,,,,,,,,,,,,,
joel.hall@trellix.com,joel.hall@trellix.com,1,0,2026-08-25 00:00:00.000+0000,1,1,1,[salesforce],0,0,0,4684,,,,,,,,,2026-08-26T04:11:05.200Z,,,[joel.hall@trellix.com],,,,,,,,,,,,,,,,,[2.0]
insightsappsplatform@onmicrosoft.com,insightsappsplatform@onmicrosoft.com,1,0,2026-08-25 00:00:00.000+0000,1,1,1,[microsoft dynamics 365],0,0,0,3176,,,,,,,,,2026-08-26T04:11:02.000Z,,,,,,,,,,,,,,,,,,,,
admin@shnqatest3.com,admin@shnqatest3.com,1,0,2026-08-25 00:00:00.000+0000,2,1,1,[google drive],9,0,10,39029,,[shnqatest3.com],,,,,,,2026-08-26T04:11:05.200Z,[admin@shnqatest3.com],,[admin@shnqatest3.com],,,,,,,[],,,,,,,,,[/Engineering/neworgunit1782823252.898959],[3968.0]
mcafeemvisioncloud,mcafeemvisioncloud,1,0,2026-08-25 00:00:00.000+0000,1,1,1,[bitbucket],0,0,0,5523,,,,,,,,,2026-08-26T04:10:54.100Z,,,,,,,,,,,,,,,,,,,,
bivekpatel@gmail.com,bivekpatel@gmail.com,1,0,2026-08-25 00:00:00.000+0000,1,1,1,[salesforce],0,0,21,13835,,,,,,,,,2026-08-26T04:10:45.400Z,,,,,,,,,,,,,,,,,,,,
qatcustomoauthapp,qatcustomoauthapp,1,0,2026-08-25 00:00:00.000+0000,1,1,1,[microsoft - teams],0,0,0,627,,,,,,,,,2026-08-26T04:10:55.100Z,,,,,,,,,,,,,,,,,,,,
angela.suarez@trellix.com.invalid,angela.suarez@trellix.com.invalid,1,0,2026-08-25 00:00:00.000+0000,1,1,1,[salesforce],0,0,0,2173,,,,,,,,,2026-08-26T04:11:04.900Z,,,,,,,,,,,,,,,,,,,,
serviceprincipal_5dba7aed-e138-46a0-813b-af450adf0650,serviceprincipal_5dba7aed-e138-46a0-813b-af450adf0650,1,0,2026-08-25 00:00:00.000+0000,1,1,1,[azuread],0,0,0,28,,,,,,,,,2026-08-26T04:11:07.300Z,,,[serviceprincipal_5dba7aed-e138-46a0-813b-af450adf0650],,,,,,,,,,,,,,,,,[29.0]
shnawseu+12@gmail.com,shnawseu+12@gmail.com,1,0,2026-08-25 00:00:00.000+0000,1,1,1,[salesforce],0,0,0,1161574,,,,,,,,,2026-08-26T04:11:03.000Z,,,,,,,,,,,,,,,,,,,,
_f5adc@trellix.com,_f5adc@trellix.com,1,0,2026-08-25 00:00:00.000+0000,1,1,1,[salesforce],0,0,0,515648,,,,,,,,,2026-08-26T04:10:55.000Z,,,,,,,,,,,,,,,,,,,,
anupkumar.pandey@trellix.com.csqa,anupkumar.pandey@trellix.com.csqa,1,0,2026-08-25 00:00:00.000+0000,1,1,1,[salesforce],0,0,4,448,,,,,,,,,2026-08-26T04:10:53.900Z,,,,,,,,,,,,,,,,,,,,
imran.ahmed@trellix.com.csqa,imran.ahmed@trellix.com.csqa,1,0,2026-08-25 00:00:00.000+0000,1,1,1,[salesforce],0,0,0,916,,,,,,,,,2026-08-26T04:11:13.400Z,,,,,,,,,,,,,,,,,,,,
angela.suarez@trellix.com.csqa,angela.suarez@trellix.com.csqa,1,0,2026-08-25 00:00:00.000+0000,1,1,1,[salesforce],0,0,0,116,,,,,,,,,2026-08-26T04:11:01.100Z,,,,,,,,,,,,,,,,,,,,
raju.r@trellix.com,raju.r@trellix.com,1,0,2026-08-25 00:00:00.000+0000,1,1,1,[salesforce],0,0,0,370847,,,,,,,,,2026-08-26T04:11:07.300Z,,,[raju.r@trellix.com],,,,,,,,,,,,,,,,,[1.0]
samplesubmission.intuser@trellix.com.csqa,samplesubmission.intuser@trellix.com.csqa,1,0,2026-08-25 00:00:00.000+0000,1,1,1,[salesforce],0,0,0,4644,,,,,,,,,2026-08-26T04:11:07.300Z,,,,,,,,,,,,,,,,,,,,
se-dlp@sedlp.us,se-dlp@sedlp.us,2,0,2026-08-25 00:00:00.000+0000,3,2,2,"[google chat, google drive]",382,0,31,9479,[se-dlp],[sedlp.us],,[Campbell],[8735557f-fe0d-4d11-bd6d-b26dff6de518],[Bangalore],,[automation_usergroup_googledrive],2026-08-26T04:10:46.400Z,[se-dlp@sedlp.us],[se-dlp@sedlp.us],[se-dlp@sedlp.us],,[se-dlp@sedlp.us],[Campbell],,[SkyhighSecurity],[sedlp],"[Test670,Regression553,GSuiteTest4,691prodValidation,Group21Aug,Test_631_build,newgroup1664879622.398796,newgroup1664879854.976757]",[se-dlp],,[se-dlp_sedlp.us#ext#@shnqaeu2.onmicrosoft.com],,,[sedlp],[se-dlp@sedlp.us],[deepika@skyhighcsm.onmicrosoft.com],[/],[17.0]
dl_skyhigh_csp_integrations@skyhighsecurity.com,dl_skyhigh_csp_integrations@skyhighsecurity.com,1,0,2026-08-25 00:00:00.000+0000,2,1,1,"[atlassian confluence, mural, miro, airtable, service now]",0,0,8,3940,,,,,,,,,2026-08-26T04:11:07.200Z,,,[dl_skyhigh_csp_integrations@skyhighsecurity.com],,,,,,,,,,,,,,,,,[2.0]
Anonymous User,Anonymous User,1,0,2026-08-25 00:00:00.000+0000,1,1,1,"[dropbox for business, google drive, slack, salesforce]",0,0,0,118,,,,,,,,,2026-08-26T04:11:06.600Z,,,[Anonymous User],,,,,,,,,,,,,,,,,[8.0]
noreply@00dns00000egc1f2at,noreply@00dns00000egc1f2at,1,0,2026-08-25 00:00:00.000+0000,1,1,1,[salesforce],0,0,0,2473,,,,,,,,,2026-08-26T04:11:02.900Z,,,,,,,,,,,,,,,,,,,,
user3,user3,1,0,2026-08-25 00:00:00.000+0000,1,1,1,[sharepoint],0,0,0,4786,,,,,,,,,2026-08-26T04:11:05.100Z,,,,,,,,,,,,,,,,,,,,
neeradaskyhightest4,neeradaskyhightest4,1,0,2026-08-25 00:00:00.000+0000,1,1,1,[github for business],0,0,0,3163,,,,,,,,,2026-08-26T04:11:06.500Z,,,,,,,,,,,,,,,,,,,,
shn.smkqaas2@gmail.com,shn.smkqaas2@gmail.com,1,0,2026-08-25 00:00:00.000+0000,2,1,1,[box],0,0,0,1543,[shn],,,[Campbell],,[Hyderabad],,[automation_usergroup_box],2026-08-26T04:10:46.400Z,,,[shn.smkqaas2@gmail.com],,[shn.smkqaas2@gmail.com],[Campbell],,[SkyhighSecurity],[gmail],,[shn.smkqaas2],,,,,[smkqaas2],[shn.smkqaas2@gmail.com],[deepika@skyhighcsm.onmicrosoft.com],,[1.0]
wd-environments,wd-environments,1,0,2026-08-25 00:00:00.000+0000,1,1,1,[workday],0,0,0,1304,,,,,,,,,2026-08-26T04:11:05.100Z,,,[wd-environments],,,,,,,,,,,,,,,,,[3.0]
automationprovider_ap,automationprovider_ap,1,0,2026-08-25 00:00:00.000+0000,1,1,1,[slack],0,0,0,550,,,,,,,,,2026-08-26T04:11:01.900Z,,,,,,,,,,,,,,,,,,,,
rushaliarvind.supare@trellix.com.csqa,rushaliarvind.supare@trellix.com.csqa,1,0,2026-08-25 00:00:00.000+0000,1,1,1,[salesforce],0,0,0,84,,,,,,,,,2026-08-26T04:11:03.000Z,,,,,,,,,,,,,,,,,,,,
shndlp01+1@shndlp01.com,shndlp01+1@shndlp01.com,1,0,2026-08-25 00:00:00.000+0000,1,1,1,[smartsheet - project management],0,0,0,957,,,,,,,,,2026-08-26T04:11:06.600Z,,,,,,,,,,,,,,,,,,,,
microsoft\serviceaccount,microsoft\serviceaccount,1,0,2026-08-25 00:00:00.000+0000,1,1,1,"[sharepoint, onedrive]",0,0,0,17,,,,,,,,,2026-08-26T04:11:06.600Z,,,[microsoft\serviceaccount],,,,,,,,,,,,,,,,,[2.0]
guest@example.com,guest@example.com,1,0,2026-08-25 00:00:00.000+0000,1,1,1,[service now],0,0,0,102,,,,,,,,,2026-08-26T04:11:02.800Z,,,,,,,,,,,,,,,,,,,,
ravikumar.buchannagari@trellix.com,ravikumar.buchannagari@trellix.com,1,0,2026-08-25 00:00:00.000+0000,1,1,1,[salesforce],0,0,0,1088912,,,,,,,,,2026-08-26T04:10:45.400Z,,,[ravikumar.buchannagari@trellix.com],,,,,,,,,,,,,,,,,[2.0]
microsoftdynamicsnrdservice@onmicrosoft.com,microsoftdynamicsnrdservice@onmicrosoft.com,1,0,2026-08-25 00:00:00.000+0000,1,1,1,[microsoft dynamics 365],0,0,0,145,,,,,,,,,2026-08-26T04:11:02.800Z,,,,,,,,,,,,,,,,,,,,
461406c3-4f66-4235-abf6-14bc6d43daf7,461406c3-4f66-4235-abf6-14bc6d43daf7,1,0,2026-08-25 00:00:00.000+0000,1,1,1,[microsoft dynamics 365],0,0,0,42,,,,,,,,,2026-08-26T04:11:07.200Z,,,,,,,,,,,,,,,,,,,,
sanjeev.neelarapu@skyhighsecurity.com,sanjeev.neelarapu@skyhighsecurity.com,1,0,2026-08-25 00:00:00.000+0000,1,1,1,[sap s/4hana cloud],0,0,0,229,,,,,,,,,2026-08-26T04:10:54.100Z,,,,,,,,,,,,,,,,,,,,
contextualais2sprodapplication@onmicrosoft.com,contextualais2sprodapplication@onmicrosoft.com,1,0,2026-08-25 00:00:00.000+0000,1,1,1,[microsoft dynamics 365],0,0,0,174,,,,,,,,,2026-08-26T04:11:01.100Z,,,,,,,,,,,,,,,,,,,,
_5778c@trellix.com,_5778c@trellix.com,1,0,2026-08-25 00:00:00.000+0000,1,1,1,[salesforce],0,0,0,21753,,,,,,,,,2026-08-26T04:10:45.300Z,,,,,,,,,,,,,,,,,,,,
serviceprincipal_89b7d568-d360-4392-85d7-06c3c2804801,serviceprincipal_89b7d568-d360-4392-85d7-06c3c2804801,1,0,2026-08-25 00:00:00.000+0000,1,1,1,[azuread],0,0,0,26,,,,,,,,,2026-08-26T04:11:08.000Z,,,[serviceprincipal_89b7d568-d360-4392-85d7-06c3c2804801],,,,,,,,,,,,,,,,,[21.0]
prasanthi.bhumireddy@trellix.com.csqa,prasanthi.bhumireddy@trellix.com.csqa,1,0,2026-08-25 00:00:00.000+0000,1,1,1,[salesforce],0,0,0,265,,,,,,,,,2026-08-26T04:10:53.900Z,,,,,,,,,,,,,,,,,,,,
application,application,1,0,2026-08-25 00:00:00.000+0000,1,1,1,[microsoft - teams],0,0,0,0,,,,,,,,,2026-08-26T04:11:01.100Z,,,[application],,,,,,,,,,,,,,,,,[8.0]
boomi.intuser@trellix.com.csqa,boomi.intuser@trellix.com.csqa,1,0,2026-08-25 00:00:00.000+0000,1,1,1,[salesforce],0,0,19,15465,,,,,,,,,2026-08-26T04:10:54.000Z,,,,,,,,,,,,,,,,,,,,
teams_customoauth,teams_customoauth,1,0,2026-08-25 00:00:00.000+0000,1,1,1,[microsoft - teams],0,0,0,0,,,,,,,,,2026-08-26T04:11:04.400Z,,,,,,,,,,,,,,,,,,,,
serviceprincipal_1fb42bae-e1e0-468b-a7f3-782bea625eae,serviceprincipal_1fb42bae-e1e0-468b-a7f3-782bea625eae,1,0,2026-08-25 00:00:00.000+0000,1,1,1,[azuread],0,0,0,1,,,,,,,,,2026-08-26T04:11:05.300Z,,,[serviceprincipal_1fb42bae-e1e0-468b-a7f3-782bea625eae],,,,,,,,,,,,,,,,,[6.0]
prasannababu.eepi@skyhighsecurity.com,prasannababu.eepi@skyhighsecurity.com,1,0,2026-08-25 00:00:00.000+0000,1,2,1,"[atlassian confluence, atlassian jira]",0,0,0,190,,,,,,,,,2026-08-26T04:10:54.100Z,,,,,,,,,,,,,,,,,,,,
dynamics365athena2@onmicrosoft.com,dynamics365athena2@onmicrosoft.com,1,0,2026-08-25 00:00:00.000+0000,1,1,1,[microsoft dynamics 365],0,0,0,8333,,,,,,,,,2026-08-26T04:10:55.100Z,,,,,,,,,,,,,,,,,,,,
user2,user2,1,0,2026-08-25 00:00:00.000+0000,1,1,1,[sharepoint],0,0,0,795,,,,,,,,,2026-08-26T04:10:55.200Z,,,,,,,,,,,,,,,,,,,,
rushaliarvind.supare@trellix.com,rushaliarvind.supare@trellix.com,1,0,2026-08-25 00:00:00.000+0000,1,1,1,[salesforce],0,0,0,1481,,,,,,,,,2026-08-26T04:11:03.000Z,,,[rushaliarvind.supare@trellix.com],,,,,,,,,,,,,,,,,[2.0]
shiben.chouhan@skyhighsecurity.com,shiben.chouhan@skyhighsecurity.com,1,0,2026-08-25 00:00:00.000+0000,1,1,1,"[atlassian confluence, atlassian access, atlassian jira]",0,0,0,4996,,,,,[54dfbb06-9450-4840-b966-7120c15d3620],,"[qatestautomation, internalexternal]",,2026-08-26T04:11:03.000Z,,[shiben.chouhan@skyhighsecurity.com],[shiben.chouhan@skyhighsecurity.com],,,,,,,,[shiben chouhan],,[shiben.chouhan_skyhighsecurity.com#ext#@sedlp.onmicrosoft.com],,,,,,,[46.0]
own.integrationuser@trellix.com.csqa,own.integrationuser@trellix.com.csqa,1,0,2026-08-25 00:00:00.000+0000,1,1,1,[salesforce],0,0,0,17832,,,,,,,,,2026-08-26T04:11:02.000Z,,,,,,,,,,,,,,,,,,,,
testcsemanageruser@trellix.com,testcsemanageruser@trellix.com,1,0,2026-08-25 00:00:00.000+0000,1,1,1,[salesforce],0,0,0,37,,,,,,,,,2026-08-26T04:11:02.000Z,,,,,,,,,,,,,,,,,,,,
dhanusha.m-nph5@force.com,dhanusha.m-nph5@force.com,1,0,2026-08-25 00:00:00.000+0000,1,1,1,[salesforce],0,0,0,539561,,,,,,,,,2026-08-26T04:10:55.100Z,,,,,,,,,,,,,,,,,,,,
cloud-bu-csp-licenses@trellix.com,cloud-bu-csp-licenses@trellix.com,1,0,2026-08-25 00:00:00.000+0000,1,2,1,"[zoom, slack, egnyte]",78,0,0,10232,,,,,,,,,2026-08-26T04:11:06.600Z,,,[cloud-bu-csp-licenses@trellix.com],,,,,,,,,,,,,,,,,[128.0]
integration@00dwj000000tr292aa.com,integration@00dwj000000tr292aa.com,1,0,2026-08-25 00:00:00.000+0000,1,1,1,[salesforce],0,0,0,2000,,,,,,,,,2026-08-26T04:11:06.500Z,,,,,,,,,,,,,,,,,,,,
nivedita_harasur@shn3.net,nivedita_harasur@shn3.net,1,0,2026-08-25 00:00:00.000+0000,1,1,1,[azuread],0,0,5,225,,,,,[96bd179a-2329-4672-ae0f-2695ad79b81e],,,,2026-08-26T04:11:08.000Z,,[nivedita_harasur@shn3.net],[nivedita_harasur@shn3.net],,,,,,,,[nivedita harasur],,[nivedita_harasur@shn3.net],,,,,,,
prasanthi.bhumireddy@trellix.com,prasanthi.bhumireddy@trellix.com,1,0,2026-08-25 00:00:00.000+0000,1,1,1,[salesforce],0,0,0,4793,,,,,,,,,2026-08-26T04:10:56.100Z,,,[prasanthi.bhumireddy@trellix.com],,,,,,,,,,,,,,,,,[2.0]
skyhighsecurityfore3,skyhighsecurityfore3,1,0,2026-08-25 00:00:00.000+0000,1,1,1,[slack],167,0,0,13976,,,,,,,,,2026-08-26T04:10:53.900Z,,,,,,,,,,,,,,,,,,,,
arunkumarelavenil@gmail.com,arunkumarelavenil@gmail.com,1,0,2026-08-25 00:00:00.000+0000,1,1,1,[salesforce],0,0,0,1138,,,,,,,,,2026-08-26T04:11:01.100Z,,,,,,,,,,,,,,,,,,,,
qatoauth,qatoauth,1,0,2026-08-25 00:00:00.000+0000,1,1,1,[microsoft - teams],0,0,0,0,,,,,,,,,2026-08-26T04:11:07.300Z,,,,,,,,,,,,,,,,,,,,
serviceprincipal_4c9ec6d9-46ac-4a2c-87f6-f264bfdeda87,serviceprincipal_4c9ec6d9-46ac-4a2c-87f6-f264bfdeda87,1,0,2026-08-25 00:00:00.000+0000,1,1,1,[azuread],0,0,0,22,,,,,,,,,2026-08-26T04:11:01.200Z,,,[serviceprincipal_4c9ec6d9-46ac-4a2c-87f6-f264bfdeda87],,,,,,,,,,,,,,,,,[20.0]
sendascheduledmessage,sendascheduledmessage,1,0,2026-08-25 00:00:00.000+0000,1,1,1,[slack],0,0,0,245,,,,,,,,,2026-08-26T04:11:13.400Z,,,,,,,,,,,,,,,,,,,,
rajeshjonnagaddla[cw],rajeshjonnagaddla[cw],1,0,2026-08-25 00:00:00.000+0000,1,1,1,[atlassian jira],0,0,0,46,,,,,,,,,2026-08-26T04:11:02.000Z,,,,,,,,,,,,,,,,,,,,
qaarplatform+1@gmail.com,qaarplatform+1@gmail.com,1,0,2026-08-25 00:00:00.000+0000,1,1,1,[slack],1,0,0,3383,,,,,,,,,2026-08-26T04:11:07.200Z,,,[qaarplatform+1@gmail.com],,,,,,,,,,,,,,,,,[5.0]
dhanusha@skyhighsecurity.com,dhanusha@skyhighsecurity.com,1,0,2026-08-25 00:00:00.000+0000,1,1,1,[salesforce],0,0,0,1071517,,,,,,,,,2026-08-26T04:11:01.900Z,,,,,,,,,,,,,,,,,,,,
imran.ahmed@trellix.com,imran.ahmed@trellix.com,1,0,2026-08-25 00:00:00.000+0000,1,1,1,[salesforce],0,0,0,11540,,,,,,,,,2026-08-26T04:11:13.400Z,,,[imran.ahmed@trellix.com],,,,,,,,,,,,,,,,,[4.0]
shristi.baranwal@skyhighsecurity.com,shristi.baranwal@skyhighsecurity.com,1,0,2026-08-25 00:00:00.000+0000,1,1,1,[chatgpt],0,0,29,267,,,,,,,,,2026-08-26T04:10:45.400Z,,,,,,,,,,,,,,,,,,,,
serviceprincipal_ba491581-7a48-424c-9618-074297f55f35,serviceprincipal_ba491581-7a48-424c-9618-074297f55f35,1,0,2026-08-25 00:00:00.000+0000,1,1,1,[azuread],0,0,0,3,,,,,,,,,2026-08-26T04:11:07.300Z,,,[serviceprincipal_ba491581-7a48-424c-9618-074297f55f35],,,,,,,,,,,,,,,,,[5.0]
user1@sedlp.us,user1@sedlp.us,1,0,2026-08-25 00:00:00.000+0000,2,1,1,"[google chat, google drive]",408,0,14,18377,,,,,,,,,2026-08-26T04:11:08.000Z,,,,,,,,,,,,,,,,,,,,
qaar_automation_sfdc@yopmail.com,qaar_automation_sfdc@yopmail.com,1,0,2026-08-25 00:00:00.000+0000,1,1,1,[salesforce],0,0,0,15421,,,,,,,,,2026-08-26T04:11:05.300Z,,,[qaar_automation_sfdc@yopmail.com],,,,,,,,,,,,,,,,,[19.0]
uslack,uslack,1,0,2026-08-25 00:00:00.000+0000,1,1,1,[slack],0,0,0,51,,,,,,,,,2026-08-26T04:11:07.400Z,,,,,,,,,,,,,,,,,,,,
skyhighsecurity,skyhighsecurity,1,0,2026-08-25 00:00:00.000+0000,1,1,1,[mural],0,0,73,34361,,,,,,,,,2026-08-26T04:10:55.200Z,,,,,,,,,,,,,,,,,,,,
donut,donut,1,0,2026-08-25 00:00:00.000+0000,1,1,1,[slack],0,0,0,22,,,,,,,,,2026-08-26T04:11:01.900Z,,,,,,,,,,,,,,,,,,,,
gopi17242@gmail.com,gopi17242@gmail.com,1,0,2026-08-25 00:00:00.000+0000,1,1,1,[salesforce],0,0,0,886,,,,,,,,,2026-08-26T04:10:56.100Z,,,,,,,,,,,,,,,,,,,,
admin@skyhighcsm1.onmicrosoft.com,admin@skyhighcsm1.onmicrosoft.com,1,0,2026-08-25 00:00:00.000+0000,1,1,1,"[azuread, onedrive]",0,0,0,360,,,,,[60fc7610-63fd-4ed5-93cb-411210e5d189],,"[site_latest, splash_test_o365_group_updated_11, test, delta-team-site_11, ts-update-2, testtd2, test111, testad1, team, ind-ts-ps-1, new-team-site-splash-upda, test-teams-parent-site, teamsite_681_updated, hello-indhu-123, test-splash-team-site_update, mgmt-team-site-displasy-updated-of-37473_, teamsite1_681, skyhigh documents, splash-team-site_update]",,2026-08-26T04:10:45.300Z,,[admin@skyhighcsm1.onmicrosoft.com],[admin@skyhighcsm1.onmicrosoft.com],,,,,,,,[sunil chandrasekhar],[‎test711sec secof711],[admin_skyhighcsm1.onmicrosoft.com#ext#@shnqaeu2.onmicrosoft.com],,"[test_777_me, testuser, mailsec_22, mailsec_11, test_eu_1_me, 682, 000, test2, 666, 777, me, me_1, test_eu_2_me]",,,,,[8.0]
admin@shndlpqa.net,admin@shndlpqa.net,1,0,2026-08-25 00:00:00.000+0000,1,1,1,"[microsoft - teams, azuread]",0,0,0,4,,,,,[e7dc557d-4a43-4d45-9361-ff5ac704fd95],,"[test_662_eu_o365, external, int_ext, test2,of_365_1, test702 qaarmetis of, adsynceuprod2, of-30555, group_of-36781]",,2026-08-26T04:10:55.100Z,,[admin@shndlpqa.net],[admin@shndlpqa.net],,,,,,,,[admin shn],"[revati's skyhigh admins, test692_nested, ‎test711sec secof711, scim2, test_662_eu_se]",[admin_shndlpqa.net#ext#@shnqaeu2.onmicrosoft.com],,"[test702 qaarmetis me, test,690,me, test_662_eu_me, mailsec1, test690me, mailsec2, test_700_me, testme712,cc, test_me_365_1, test2,me_365_1]",,,,,
user1shn,user1shn,1,0,2026-08-25 00:00:00.000+0000,1,1,1,[sharepoint],0,0,0,0,,,,,,,,,2026-08-26T04:11:07.400Z,,,,,,,,,,,,,,,,,,,,
sudhaqaaruser,sudhaqaaruser,1,0,2026-08-25 00:00:00.000+0000,1,1,1,[github for business],0,0,0,88,,,,,,,,,2026-08-26T04:11:07.300Z,,,,,,,,,,,,,,,,,,,,
vinod.naik@skyhighsecurity.com,vinod.naik@skyhighsecurity.com,1,0,2026-08-25 00:00:00.000+0000,1,2,1,"[dropbox for business, procore, airtable]",0,0,0,1351,,,,,,,,,2026-08-26T04:10:46.500Z,,,[vinod.naik@skyhighsecurity.com],,,,,,,,,,,,,,,,,[1.0]
amit.korde@skyhighsecurity.com,amit.korde@skyhighsecurity.com,1,0,2026-08-25 00:00:00.000+0000,1,1,1,"[dropbox for business, anthropic-claude]",0,0,0,92,,,,,,,,,2026-08-26T04:10:56.000Z,,,,,,,,,,,,,,,,,,,,
cdsfilestorage@onmicrosoft.com,cdsfilestorage@onmicrosoft.com,1,0,2026-08-25 00:00:00.000+0000,1,1,1,[microsoft dynamics 365],0,0,0,4364,,,,,,,,,2026-08-26T04:10:54.000Z,,,,,,,,,,,,,,,,,,,,
serviceprincipal_650b3409-5396-4c1c-b86c-8a93e3873313,serviceprincipal_650b3409-5396-4c1c-b86c-8a93e3873313,1,0,2026-08-25 00:00:00.000+0000,1,1,1,[azuread],0,0,0,35,,,,,,,,,2026-08-26T04:11:02.000Z,,,[serviceprincipal_650b3409-5396-4c1c-b86c-8a93e3873313],,,,,,,,,,,,,,,,,[39.0]
admin@shn3.net,admin@shn3.net,2,0,2026-08-25 00:00:00.000+0000,5,1,1,"[microsoft - teams, sharepoint, azuread, onedrive, microsoft copilot, exchange online]",1,0,26,13746,[admin],,,[Campbell],[c16d0e63-e425-4176-946f-4e22390e86f3],[Bangalore],"[adsynceuprod, teamsite642, notallowed, random32140, 6.1.1 teams site, muks_splash_teams_site, qatestautomation, testchannelqa, guest_team, pete test, test,690,of, qaar-test1-0812, skyhigh private site, groupsite1, of-30555, muks_splash_delta_testing, qaautomation, jasteams public, finaltest, indexer_designer_jastest, hfsplash, final, hello, 6.1.1.1 teams, jastest, newteam2403, test1, jastest private team, 650, test692,reg,of, 641newsite, 440reg, custom0605, provider, myteam, privaterestrictive, private652, qaar-test1, skyhhigh private team, 651-2, testsite, teams test, automonitor540reg, 510teamsite, team22, dlpapi, providerqa, qatestautomation_duplicate, hf]",[o365],2026-08-26T04:11:01.900Z,,[admin@shn3.net],[admin@shn3.net],,[admin@shn3.net],[mgroad],,[SkyhighSecurity],[shn3],,[bhaskar ray],"[user701,se$, ktm, private group 2, ‎test711sec secof711, scim2]",[admin@shn3.net],,"[test702,meqaarmetis, test702 qaarmetis me, user_701_me]",[test],[admin@shn3.net],[mcafeetest0122@gmail.com],,[611.0]
bivek.kumar@trellix.com,bivek.kumar@trellix.com,1,0,2026-08-25 00:00:00.000+0000,1,1,1,[salesforce],0,0,8,14442,,,,,,,,,2026-08-26T04:11:05.200Z,,,[bivek.kumar@trellix.com],,,,,,,,,,,,,,,,,[2.0]
revati_desai@shn3.net,revati_desai@shn3.net,1,0,2026-08-25 00:00:00.000+0000,1,1,1,[azuread],0,0,0,239,,,,,[49fedbdf-0f5f-453a-b8bb-fbe81086ef22],,,,2026-08-26T04:10:54.100Z,,[revati_desai@shn3.net],[revati_desai@shn3.net],,,,,,,,[revati desai],[christians sse app admins],[revati_desai@shn3.net],,,,,,,[61.0]
sudhaqaar1@gmail.com,sudhaqaar1@gmail.com,1,0,2026-08-25 00:00:00.000+0000,1,1,1,[dropbox for business],0,0,0,997,,,,,[049080dd-ae4a-49dd-8700-b73c59681887],,"[test690of, test_700_of]",,2026-08-26T04:11:04.400Z,,[sudhaqaar1@gmail.com],[sudhaqaar1@gmail.com],,,,,,,,[sudhaqaar1],"[test_700_sec, revati's skyhigh admins, test690sec]",[sudhaqaar1_gmail.com#ext#@shnqaeu2.onmicrosoft.com],,"[test,690,me, test690me, test_700_me, testme712,cc, test_me_365_1, test2,me_365_1]",,,,,[1.0]
parasaram.bombale@skyhighsecurity.com,parasaram.bombale@skyhighsecurity.com,1,0,2026-08-25 00:00:00.000+0000,1,1,1,[salesforce],0,0,0,219544,,,,,,,,,2026-08-26T04:11:01.200Z,,,[parasaram.bombale@skyhighsecurity.com],,,,,,,,,,,,,,,,,[3.0]
fivetran.apiuser@trellix.com.csqa,fivetran.apiuser@trellix.com.csqa,1,0,2026-08-25 00:00:00.000+0000,1,1,1,[salesforce],0,0,0,51485,,,,,,,,,2026-08-26T04:11:02.800Z,,,,,,,,,,,,,,,,,,,,
neerada@skyhightest4.onmicrosoft.com,neerada@skyhightest4.onmicrosoft.com,1,0,2026-08-25 00:00:00.000+0000,1,1,1,"[microsoft - teams, github for business]",0,0,0,3,,,,,[525ea9b9-edc6-4c43-bdd3-cce9b7251ea7],,"[682, splash_test_o365_group_updated_11, of, testuser, test_gc_680, test_group, test_staging_office365]",,2026-08-26T04:11:06.500Z,,[neerada@skyhightest4.onmicrosoft.com],[neerada@skyhightest4.onmicrosoft.com],,,,,,,,[neerada beduduri],"[682, se, mnbv, testuser, test_777_se, lkjhg, 0987]",[neerada_skyhightest4.onmicrosoft.com#ext#@skyhighcsm1.onmicrosoft.com],,"[682, test_777_me, cvbn, test_88_me, me, testuser, 4567, test_staging_me, dfgh, test_eu_2_me]",,,,,[1.0]
noreply@salesforce.com.invalid,noreply@salesforce.com.invalid,1,0,2026-08-25 00:00:00.000+0000,1,1,1,[salesforce],0,0,0,4535,,,,,,,,,2026-08-26T04:10:45.400Z,,,,,,,,,,,,,,,,,,,,
serviceprincipal_95ced7bd-5ba0-4f10-b1cf-04a2c13a30cc,serviceprincipal_95ced7bd-5ba0-4f10-b1cf-04a2c13a30cc,1,0,2026-08-25 00:00:00.000+0000,1,1,1,[azuread],0,0,0,12,,,,,,,,,2026-08-26T04:10:45.400Z,,,[serviceprincipal_95ced7bd-5ba0-4f10-b1cf-04a2c13a30cc],,,,,,,,,,,,,,,,,[4.0]
neerada@skyhightest3.onmicrosoft.com,neerada@skyhightest3.onmicrosoft.com,1,0,2026-08-25 00:00:00.000+0000,1,1,1,"[microsoft - teams, sharepoint, azuread, microsoft dynamics 365, zendesk]",0,0,0,227,,,,,[056d163c-f226-40c7-8bee-42b842b98169],,"[provider, teams test]",,2026-08-26T04:11:08.000Z,,[neerada@skyhightest3.onmicrosoft.com],[neerada@skyhightest3.onmicrosoft.com],,,,,,,,[neerada reddy],,[neerada_skyhightest3.onmicrosoft.com#ext#@shnqaeu2.onmicrosoft.com],,"[comma,seperated,group]",,,,,[5.0]
testcseuser1@trellix.com,testcseuser1@trellix.com,1,0,2026-08-25 00:00:00.000+0000,1,1,1,[salesforce],0,0,0,19,,,,,,,,,2026-08-26T04:11:01.200Z,,,,,,,,,,,,,,,,,,,,
powerplatformenvironmentmanagement@onmicrosoft.com,powerplatformenvironmentmanagement@onmicrosoft.com,1,0,2026-08-25 00:00:00.000+0000,1,1,1,[microsoft dynamics 365],0,0,0,298,,,,,,,,,2026-08-26T04:11:01.200Z,,,,,,,,,,,,,,,,,,,,
autoproc@00d5g000000itfbeas,autoproc@00d5g000000itfbeas,1,0,2026-08-25 00:00:00.000+0000,1,1,1,[salesforce],0,0,0,1296,,,,,,,,,2026-08-26T04:11:02.800Z,,,,,,,,,,,,,,,,,,,,
skyhighsecurityforent,skyhighsecurityforent,1,0,2026-08-25 00:00:00.000+0000,1,1,1,[slack],0,0,0,709,,,,,,,,,2026-08-26T04:11:03.000Z,,,,,,,,,,,,,,,,,,,,
auth:x.509,auth:x.509,1,0,2026-08-25 00:00:00.000+0000,1,1,1,[sap s/4hana cloud],0,0,0,0,,,,,,,,,2026-08-26T04:11:01.900Z,,,,,,,,,,,,,,,,,,,,
serviceprincipal_38d5378c-11c4-4e61-81e4-f11efe139577,serviceprincipal_38d5378c-11c4-4e61-81e4-f11efe139577,1,0,2026-08-25 00:00:00.000+0000,1,1,1,[azuread],0,0,0,197,,,,,,,,,2026-08-26T04:10:56.100Z,,,[serviceprincipal_38d5378c-11c4-4e61-81e4-f11efe139577],,,,,,,,,,,,,,,,,[589.0]
okta.apiuser@trellix.com.csqa,okta.apiuser@trellix.com.csqa,1,0,2026-08-25 00:00:00.000+0000,1,1,1,[salesforce],0,0,0,6667,,,,,,,,,2026-08-26T04:11:02.800Z,,,,,,,,,,,,,,,,,,,,
karthik.r@skyhighsecurity.com,karthik.r@skyhighsecurity.com,1,0,2026-08-25 00:00:00.000+0000,1,1,1,[chatgpt],0,0,43,1503,,,,,,,,,2026-08-26T04:11:08.000Z,,,,,,,,,,,,,,,,,,,,
shn.smkqaas2+1@gmail.com,shn.smkqaas2+1@gmail.com,1,0,2026-08-25 00:00:00.000+0000,1,1,1,[box],0,0,24,5170,[shn],,,[Campbell],,[Hyderabad],,"[automation_usergroup_box, group1users]",2026-08-26T04:11:13.400Z,,,[shn.smkqaas2+1@gmail.com],,[shn.smkqaas2+1@gmail.com],[Campbell],,[SkyhighSecurity],[gmail],,[shn.smkqaas2+1],,,,,[smkqaas2+1],[shn.smkqaas2+1@gmail.com],[deepika@skyhighcsm.onmicrosoft.com],,[9.0]
user1@shndev081.onmicrosoft.com,user1@shndev081.onmicrosoft.com,1,0,2026-08-25 00:00:00.000+0000,1,1,1,[microsoft - teams],0,0,0,8,,,,,[45747904-9043-44ed-9ffb-060e91f8b8ca],,"[test711,of711, testof712,cc, jasteams public, test2,of_365_1, testcollector, test711 of711, test_of_365_1, test692_reg-of, test702,qaarmetis,of1, test_700_of, testof217, user701,of$]",,2026-08-26T04:11:01.200Z,,[user1@shndev081.onmicrosoft.com],[user1@shndev081.onmicrosoft.com],,,,,,,,[user1],"[testsec217, user_701_se, user701,se$, test702se,qaarmetis3, ‎test711sec,secof711, revati's skyhigh admins, test2,se_365_1, test702 qaarmetis se, test692_reg_sec_test, test692,reg,se1, test_se_365_1]",[user1_shndev081.onmicrosoft.com#ext#@shnqaeu2.onmicrosoft.com],,"[collector3, test692,reg,me1, test692_reg_me, test_700_me, testme712,cc, user701,me$, test_me_365_1, test2,me_365_1]",,,,,
non-browsercase,non-browsercase,1,0,2026-08-25 00:00:00.000+0000,1,1,1,[sharepoint],0,0,0,6724,,,,,,,,,2026-08-26T04:11:01.200Z,,,,,,,,,,,,,,,,,,,,
rajesh.jonnagaddla@skyhighsecurity.com,rajesh.jonnagaddla@skyhighsecurity.com,1,0,2026-08-25 00:00:00.000+0000,1,1,1,"[atlassian confluence, atlassian access, atlassian jira]",0,0,0,835,,,,,,,,,2026-08-26T04:11:02.000Z,,,,,,,,,,,,,,,,,,,,
jobsserviceprod@onmicrosoft.com,jobsserviceprod@onmicrosoft.com,1,0,2026-08-25 00:00:00.000+0000,1,1,1,[microsoft dynamics 365],0,0,0,13933,,,,,,,,,2026-08-26T04:11:01.200Z,,,,,,,,,,,,,,,,,,,,
user2@sedlp.us,user2@sedlp.us,1,0,2026-08-25 00:00:00.000+0000,1,1,1,[google drive],0,0,0,785,,[sedlp.us],,,,,,,2026-08-26T04:11:01.200Z,[user2@sedlp.us],,,,,,,,,"[Test670,Regression553,GSuiteGroup3,Test_631_build,newgroup1664879854.976757]",,,,,,,,,[/],
gopinadh.randhi@trellix.com.csqa,gopinadh.randhi@trellix.com.csqa,1,0,2026-08-25 00:00:00.000+0000,1,1,1,[salesforce],0,0,0,819,,,,,,,,,2026-08-26T04:11:06.500Z,,,,,,,,,,,,,,,,,,,,
jayateja@shnqatest3.com,jayateja@shnqatest3.com,1,0,2026-08-25 00:00:00.000+0000,1,1,1,[google drive],0,0,0,34,,[shnqatest3.com],,,,,,,2026-08-26T04:11:05.200Z,[jayateja@shnqatest3.com],,,,,,,,,[],,,,,,,,,[/],
esw_enhanced_chat_1771834131474@00dwj000000tr292aa.org.force.com,esw_enhanced_chat_1771834131474@00dwj000000tr292aa.org.force.com,1,0,2026-08-25 00:00:00.000+0000,1,1,1,[salesforce],0,0,0,1720,,,,,,,,,2026-08-26T04:10:46.400Z,,,,,,,,,,,,,,,,,,,,
shn.smokeqaas3+1@gmail.com,shn.smokeqaas3+1@gmail.com,1,0,2026-08-25 00:00:00.000+0000,1,1,1,[salesforce],0,0,0,8542,,,,,,,,,2026-08-26T04:10:56.200Z,,,,,,,,,,,,,,,,,,,,
gopinadh.randhi@trellix.com,gopinadh.randhi@trellix.com,1,0,2026-08-25 00:00:00.000+0000,1,1,1,[salesforce],0,0,0,3231,,,,,,,,,2026-08-26T04:10:46.400Z,,,[gopinadh.randhi@trellix.com],,,,,,,,,,,,,,,,,[2.0]
testorderops1@trellix.com,testorderops1@trellix.com,1,0,2026-08-25 00:00:00.000+0000,1,1,1,[salesforce],0,0,0,904,,,,,,,,,2026-08-26T04:11:01.200Z,,,,,,,,,,,,,,,,,,,,
serviceprincipal_5d54c30d-c8b5-4e27-8688-fadce330ff93,serviceprincipal_5d54c30d-c8b5-4e27-8688-fadce330ff93,1,0,2026-08-25 00:00:00.000+0000,1,1,1,[azuread],0,0,0,6,,,,,,,,,2026-08-26T04:11:13.400Z,,,[serviceprincipal_5d54c30d-c8b5-4e27-8688-fadce330ff93],,,,,,,,,,,,,,,,,[23.0]
sudhaqaar@gmail.com,sudhaqaar@gmail.com,1,0,2026-08-25 00:00:00.000+0000,2,1,1,"[dropbox for business, box]",0,0,0,38,,,,,[f91daaca-4559-4b96-9dad-f822c8ff97b5],,"[o365teams_dlp, dlp8nov]",,2026-08-26T04:10:46.400Z,,[sudhaqaar@gmail.com],[sudhaqaar@gmail.com],,,,,,,,[sudhaqaar],,[sudhaqaar_gmail.com#EXT#@skyhightest4.onmicrosoft.com],,,,,,,
user3@skyhighcsm1.onmicrosoft.com,user3@skyhighcsm1.onmicrosoft.com,1,0,2026-08-25 00:00:00.000+0000,1,1,1,"[azuread, onedrive]",0,0,0,1326,,,,,[f5ea5588-9776-4eab-8160-cc06e114950f],,"[test_c, mgmt-team-site-displasy-updated-of-37473_]",,2026-08-26T04:10:54.100Z,,[user3@skyhighcsm1.onmicrosoft.com],[user3@skyhighcsm1.onmicrosoft.com],,,,,,,,[user3],"[666,777,000,sec, 666,777,000,sec_1, test_670_sec_1]",[user3@skyhighcsm1.onmicrosoft.com],,"[666,777,000,me, 666,777,000,me_1, test_670_me_1]",,,,,
connectormanagementservicebackend@onmicrosoft.com,connectormanagementservicebackend@onmicrosoft.com,1,0,2026-08-25 00:00:00.000+0000,1,1,1,[microsoft dynamics 365],0,0,0,189,,,,,,,,,2026-08-26T04:10:46.400Z,,,,,,,,,,,,,,,,,,,,
ntservice\msexchangeadminapinetcore(microsoft.exchange.adminapi.netcore),ntservice\msexchangeadminapinetcore(microsoft.exchange.adminapi.netcore),1,0,2026-08-25 00:00:00.000+0000,1,1,1,[exchange online],0,0,0,604,,,,,,,,,2026-08-26T04:10:45.400Z,,,[ntservice\msexchangeadminapinetcore(microsoft.exchange.adminapi.netcore)],,,,,,,,,,,,,,,,,[919.0]
abhay.singh@trellix.com.csqa,abhay.singh@trellix.com.csqa,1,0,2026-08-25 00:00:00.000+0000,1,1,1,[salesforce],0,0,0,416,,,,,,,,,2026-08-26T04:10:55.100Z,,,,,,,,,,,,,,,,,,,,
c16d0e63-e425-4176-946f-4e22390e86f3,c16d0e63-e425-4176-946f-4e22390e86f3,1,0,2026-08-25 00:00:00.000+0000,1,1,1,"[azuread, microsoft copilot]",15,0,0,27,,,,,,,,,2026-08-26T04:11:05.200Z,,,,,,,,,,,,,,,,,,,,
sudhamini.tirumalagari@skyhighsecurity.com,sudhamini.tirumalagari@skyhighsecurity.com,1,0,2026-08-25 00:00:00.000+0000,2,1,1,"[citrix sharefile, dropbox for business, atlassian jira]",0,0,0,1694,,,,,[d7ad0a15-884b-44ef-9d7b-32f52fa44c31],,"[internalexternal, test_700_of]",,2026-08-26T04:11:01.200Z,,[sudhamini.tirumalagari@skyhighsecurity.com],[sudhamini.tirumalagari@skyhighsecurity.com],,,,,,,,[sudhamini.tirumalagari],[test_700_sec],[sudhamini.tirumalagari_skyhighsecurity.com#ext#@shnqaeu2.onmicrosoft.com],,[test_670_me_1],,,,,[3.0]
bizqa@onmicrosoft.com,bizqa@onmicrosoft.com,1,0,2026-08-25 00:00:00.000+0000,1,1,1,[microsoft dynamics 365],0,0,0,70,,,,,,,,,2026-08-26T04:11:02.900Z,,,,,,,,,,,,,,,,,,,,
test_user@shn3.net,test_user@shn3.net,1,0,2026-08-25 00:00:00.000+0000,1,1,1,"[azuread, exchange online]",0,0,8,392,,,,,[332dc6b8-4e25-4211-9c37-c35d1b62dc16],,"[nested list 1, testnewofgp, of365,group691, test_of_365_1, test702,qaarmetis,of1, user_701_of, user701,of$, ods4dl]",,2026-08-26T04:11:04.500Z,,[test_user@shn3.net],[test_user@shn3.net],,,,,,,,[test user],"[of365sec,group691, scimtest, test2,se_365_1, test702 qaarmetis se, scim_ippt_demo_app_group]",[test_user@shn3.net],,"[of365me,group691]",,,,,[168.0]
test1mcafee4488@gmail.com,test1mcafee4488@gmail.com,1,0,2026-08-25 00:00:00.000+0000,3,1,1,[box],0,0,13,5880,,,,,,,,,2026-08-26T04:11:07.400Z,,,[test1mcafee4488@gmail.com],,,,,,,,,,,,,,,,,[3.0]
serviceprincipal_cbf796ce-d955-42a7-92a6-3172adca9317,serviceprincipal_cbf796ce-d955-42a7-92a6-3172adca9317,1,0,2026-08-25 00:00:00.000+0000,1,1,1,[azuread],0,0,0,83,,,,,,,,,2026-08-26T04:11:01.200Z,,,[serviceprincipal_cbf796ce-d955-42a7-92a6-3172adca9317],,,,,,,,,,,,,,,,,[1.0]
cdsusermanagement@onmicrosoft.com,cdsusermanagement@onmicrosoft.com,1,0,2026-08-25 00:00:00.000+0000,1,1,1,[microsoft dynamics 365],0,0,0,3209,,,,,,,,,2026-08-26T04:10:45.400Z,,,,,,,,,,,,,,,,,,,,
_368996@trellix.com,_368996@trellix.com,1,0,2026-08-25 00:00:00.000+0000,1,1,1,[salesforce],0,0,0,22325,,,,,,,,,2026-08-26T04:10:46.400Z,,,,,,,,,,,,,,,,,,,,
bivek.kumar@trellix.com.csqa,bivek.kumar@trellix.com.csqa,1,0,2026-08-25 00:00:00.000+0000,1,1,1,[salesforce],0,0,0,516,,,,,,,,,2026-08-26T04:10:56.100Z,,,,,,,,,,,,,,,,,,,,
requestinput,requestinput,1,0,2026-08-25 00:00:00.000+0000,1,1,1,[slack],0,0,0,116,,,,,,,,,2026-08-26T04:11:13.400Z,,,,,,,,,,,,,,,,,,,,
pifini.intuser@trellix.com.csqa,pifini.intuser@trellix.com.csqa,1,0,2026-08-25 00:00:00.000+0000,1,1,1,[salesforce],0,0,0,2646,,,,,,,,,2026-08-26T04:11:02.000Z,,,,,,,,,,,,,,,,,,,,
deepika@shndev06.com,deepika@shndev06.com,1,0,2026-08-25 00:00:00.000+0000,2,1,1,"[google chat, google drive]",11,0,0,82421,,[shndev06.com],,,,,,,2026-08-26T04:11:04.400Z,[deepika@shndev06.com],[deepika@shndev06.com],,,,,,,,"[Temp672,Dlp_Engineering,Nonadmin,LKG Classroom Teachers,OwnerDeepika,AllMembers_Group,Chitchat]",[deepika],,[deepika_shndev06.com#EXT#@skyhightest4.onmicrosoft.com],,,,,,[/AutomationOrgUnit],
cpadaladlp@gmail.com,cpadaladlp@gmail.com,1,0,2026-08-25 00:00:00.000+0000,1,1,1,[box],0,0,0,0,,,,,,,,,2026-08-26T04:11:07.200Z,,,,,,,,,,,,,,,,,,,,
diwakar@skyhightest2.onmicrosoft.com,diwakar@skyhightest2.onmicrosoft.com,1,0,2026-08-25 00:00:00.000+0000,1,1,1,[docusign],0,0,0,125,,,,,,,"[Group_OF-32377_30729, Group_OF-32377_42718, Group_OF-32377_42717, Group_OF-32377_42716, Group_OF-32377_30730, Group_OF-32377_29732, Group_OF-32377_29733, Group_OF-32377_30739, Group_OF-32377_30734, Group_OF-32377_6906, Group_OF-32377_42720, Group_OF-32377_6902, Group_OF-32377_29727, Group_OF-32377_30740, Group_OF-32377_42719, Group_OF-32377_9184, Group_OF-32377_9183, Group_OF-32377_30749, Group_OF-32377_9180, Group_OF-32377_30743, Group_OF-32377_15113, Group_OF-32377_28427, Group_OF-32377_29759, Group_OF-32377_29757, Group_OF-32377_6912, Group_OF-32377_30716, Group_OF-32377_15119, Group_OF-32377_30712, Group_OF-32377_6927, Group_OF-32377_15102, Group_OF-32377_30719, Group_OF-32377_6920, Group_OF-32377_28417, Group_OF-32377_28414, Group_OF-32377_42701, Group_OF-32377_28413, Group_OF-32377_29744, Group_OF-32377_29742, Group_OF-32377_30721, Group_OF-32377_30724, Group_OF-32377_46279, Group_OF-32377_34295, Group_OF-32377_9129, Group_OF-32377_9138, Group_OF-32377_46274, Group_OF-32377_46276, Group_OF-32377_46270, Group_OF-32377_9144, Group_OF-32377_46288, Group_OF-32377_46256, Group_OF-32377_29715, Group_OF-32377_34276, Group_OF-32377_9159, Group_OF-32377_9157, Group_OF-32377_34277, Group_OF-32377_9151, Group_OF-32377_46253, Group_OF-32377_47584, Group_OF-32377_47580, Group_OF-32377_29709, Group_OF-32377_46269, Group_OF-32377_29707, Group_OF-32377_29705, Group_OF-32377_29706, Group_OF-32377_46266, Group_OF-32377_9160, Group_OF-32377_47590, Group_OF-32377_46261, Group_OF-32377_35585, Group_OF-32377_34254, Group_OF-32377_34251, Group_OF-32377_35583, Group_OF-32377_35580, Group_OF-32377_34259, Group_OF-32377_34258, Group_OF-32377_35588, Group_OF-32377_23594, Group_OF-32377_34255, Group_OF-32377_35587, Group_OF-32377_23595, Group_OF-32377_35586, Group_OF-32377_48894, Group_OF-32377_48891, Group_OF-32377_46249, Group_OF-32377_47578, Group_OF-32377_47576, Group_OF-32377_34263, Group_OF-32377_34266, Group_OF-32377_23584, Group_OF-32377_34267, Group_OF-32377_46219, Group_OF-32377_47548, Group_OF-32377_46212, Group_OF-32377_46215, Group_OF-32377_46214, Group_OF-32377_36892, Group_OF-32377_9117, Group_OF-32377_34237, Group_OF-32377_36898, Group_OF-32377_34233, Group_OF-32377_9112, Group_OF-32377_34234, Group_OF-32377_36895, Group_OF-32377_47541, Group_OF-32377_47542, Group_OF-32377_46211, Group_OF-32377_46227, Group_OF-32377_47558, Group_OF-32377_35573, Group_OF-32377_9118, Group_OF-32377_35577, Group_OF-32377_9123, Group_OF-32377_47553, Group_OF-32377_9120, Group_OF-32377_46222, Group_OF-32377_46221, Group_OF-32377_48880, Group_OF-32377_48858, Group_OF-32377_48856, Group_OF-32377_48854, Group_OF-32377_47521, Group_OF-32377_48852, Group_OF-32377_47522, Group_OF-32377_23552, Group_OF-32377_36872, Group_OF-32377_23556, Group_OF-32377_35548, Group_OF-32377_23550, Group_OF-32377_34212, Group_OF-32377_36873, Group_OF-32377_47520, Group_OF-32377_46208, Group_OF-32377_46203, Group_OF-32377_34221, Group_OF-32377_35551, Group_OF-32377_35550, Group_OF-32377_24875, Group_OF-32377_24878, Group_OF-32377_23548, Group_OF-32377_34226, Group_OF-32377_36888, Group_OF-32377_35555, Group_OF-32377_36886, Group_OF-32377_48832, Group_OF-32377_47500, Group_OF-32377_23578, Group_OF-32377_47507, Group_OF-32377_47508, Group_OF-32377_35524, Group_OF-32377_23571, OF-32379_1, Group_OF-32377_47514, Group_OF-32377_47512, Group_OF-32377_47513, Group_OF-32377_47510, Group_OF-32377_36860, Group_OF-32377_23566, Group_OF-32377_23569, Group_OF-32377_52096, Group_OF-32377_36869, Group_OF-32377_35537, Group_OF-32377_35536, Group_OF-32377_36866, Group_OF-32377_24891, Group_OF-32377_34203, Group_OF-32377_36863, Group_OF-32377_23516, Group_OF-32377_23517, Group_OF-32377_24848, Group_OF-32377_23510, Group_OF-32377_24843, Group_OF-32377_24845, Group_OF-32377_52089, Group_OF-32377_35502, Group_OF-32377_52088, Group_OF-32377_24836, Group_OF-32377_23507, Group_OF-32377_24839, Group_OF-32377_48824, Group_OF-32377_23509, Group_OF-32377_3079, Group_OF-32377_52074, Group_OF-32377_3085, Group_OF-32377_3083, Group_OF-32377_23539, Group_OF-32377_40078, Group_OF-32377_23530, Group_OF-32377_39081, Group_OF-32377_23534, Group_OF-32377_52061, Group_OF-32377_24866, Group_OF-32377_39084, Group_OF-32377_36813, Group_OF-32377_3094, Group_OF-32377_36810, Group_OF-32377_53399, Group_OF-32377_3098, Group_OF-32377_24860, Group_OF-32377_3091, Group_OF-32377_36816, Group_OF-32377_3090, Group_OF-32377_40071, Group_OF-32377_23527, Group_OF-32377_39098, Group_OF-32377_23529, Group_OF-32377_39092, Group_OF-32377_24853, Group_OF-32377_39093, Group_OF-32377_23523, Group_OF-32377_48808, Group_OF-32377_23525, Group_OF-32377_52053, Group_OF-32377_36823, Group_OF-32377_36826, Group_OF-32377_40054, Group_OF-32377_40052, Group_OF-32377_41383, Group_OF-32377_24807, Group_OF-32377_40058, Group_OF-32377_24808, Group_OF-32377_40057, Group_OF-32377_3027, Group_OF-32377_39061, Group_OF-32377_15092, Group_OF-32377_24802, Group_OF-32377_53376, Group_OF-32377_5696, Group_OF-32377_53379, Group_OF-32377_52049, Group_OF-32377_40050, Group_OF-32377_40051, Group_OF-32377_15087, Group_OF-32377_40065, Group_OF-32377_40066, Group_OF-32377_40063, Group_OF-32377_40064, Group_OF-32377_41394, Group_OF-32377_3037, Group_OF-32377_4368, Group_OF-32377_15080, Group_OF-32377_28395, Group_OF-32377_52034, Group_OF-32377_52035, Group_OF-32377_28399, Group_OF-32377_53367, Group_OF-32377_28390, Group_OF-32377_36809, Group_OF-32377_36807, Group_OF-32377_41390, Group_OF-32377_39044, Group_OF-32377_41363, Group_OF-32377_39047, Group_OF-32377_41366, Group_OF-32377_42696, Group_OF-32377_3047, Group_OF-32377_39042, Group_OF-32377_53354, Group_OF-32377_3055, Group_OF-32377_4387, Group_OF-32377_54689, Group_OF-32377_27090, Group_OF-32377_52029, Group_OF-32377_27095, Group_OF-32377_40041, Group_OF-32377_40046, Group_OF-32377_3058, Group_OF-32377_4389, Group_OF-32377_24812, Group_OF-32377_4394, Group_OF-32377_53343, Group_OF-32377_4391, Group_OF-32377_53340, Group_OF-32377_52011, Group_OF-32377_4397, Group_OF-32377_53347, Group_OF-32377_41370, Group_OF-32377_15055, Group_OF-32377_4319, Group_OF-32377_39023, Group_OF-32377_42671, Group_OF-32377_15058, Group_OF-32377_40012, Group_OF-32377_41344, Group_OF-32377_15057, Group_OF-32377_41343, Group_OF-32377_5644, Group_OF-32377_6973, Group_OF-32377_30690, Group_OF-32377_5649, Group_OF-32377_5647, Group_OF-32377_6978, Group_OF-32377_28364, Group_OF-32377_30695, Group_OF-32377_27031, Group_OF-32377_30696, Group_OF-32377_53332, Group_OF-32377_54660, Group_OF-32377_53330, Group_OF-32377_27036, Group_OF-32377_30691, Group_OF-32377_53335, Group_OF-32377_30692, Group_OF-32377_55997, Group_OF-32377_5650, Group_OF-32377_28366, Group_OF-32377_29698, Group_OF-32377_54669, Group_OF-32377_15041, Group_OF-32377_40020, Group_OF-32377_41357, Group_OF-32377_39039, Group_OF-32377_41354, Group_OF-32377_5655, Group_OF-32377_41359, Group_OF-32377_15040, Group_OF-32377_5658, Group_OF-32377_39030, Group_OF-32377_6988, Group_OF-32377_28354, Group_OF-32377_29685, Group_OF-32377_29682, Group_OF-32377_55980, Group_OF-32377_55987, Group_OF-32377_28355, Group_OF-32377_55985, Group_OF-32377_53326, Group_OF-32377_43986, Group_OF-32377_43980, Group_OF-32377_15079, Group_OF-32377_41321, Group_OF-32377_43982, Group_OF-32377_3004, Group_OF-32377_3002, Group_OF-32377_42656, Group_OF-32377_15072, Group_OF-32377_4338, Group_OF-32377_55972, Group_OF-32377_30676, Group_OF-32377_3010, Group_OF-32377_28389, Group_OF-32377_53318, Group_OF-32377_54649, Group_OF-32377_55978, Group_OF-32377_54647, Group_OF-32377_55977, Group_OF-32377_28383, Group_OF-32377_27051, Group_OF-32377_28381, Group_OF-32377_15066, Group_OF-32377_42661, Group_OF-32377_43995, Group_OF-32377_15063, Group_OF-32377_15064, Group_OF-32377_42666, Group_OF-32377_40001, Group_OF-32377_40008, Group_OF-32377_3019, Group_OF-32377_15061, Group_OF-32377_43998, Group_OF-32377_43999, Group_OF-32377_3018, Group_OF-32377_4350, Group_OF-32377_28376, Group_OF-32377_55960, Group_OF-32377_28374, Group_OF-32377_3022, Group_OF-32377_53302, Group_OF-32377_54633, Group_OF-32377_55965, Group_OF-32377_4354, Group_OF-32377_53303, Group_OF-32377_54631, Group_OF-32377_4352, Group_OF-32377_28378, Group_OF-32377_55962, Group_OF-32377_39018, Group_OF-32377_54638, Group_OF-32377_55967, Group_OF-32377_53305, Group_OF-32377_28371, Group_OF-32377_5609, Group_OF-32377_5607, Group_OF-32377_6938, Group_OF-32377_5606, Group_OF-32377_42633, Group_OF-32377_15013, Group_OF-32377_42630, Group_OF-32377_42637, Group_OF-32377_6930, Group_OF-32377_41303, Group_OF-32377_5605, Group_OF-32377_6935, Group_OF-32377_41309, Group_OF-32377_6934, Group_OF-32377_5602, Group_OF-32377_41307, Group_OF-32377_42638, Group_OF-32377_28321, Group_OF-32377_31985, Group_OF-32377_31984, Group_OF-32377_54622, Group_OF-32377_55954, Group_OF-32377_54623, Group_OF-32377_28322, Group_OF-32377_29653, Group_OF-32377_28323, Group_OF-32377_30659, Group_OF-32377_54627, Group_OF-32377_15017, Group_OF-32377_55955, Group_OF-32377_31987, Group_OF-32377_30657, Group_OF-32377_54629, Group_OF-32377_15000, Group_OF-32377_41311, Group_OF-32377_42642, Group_OF-32377_41310, Group_OF-32377_43971, Group_OF-32377_28318, Group_OF-32377_6941, Group_OF-32377_28315, Group_OF-32377_28316, Group_OF-32377_6945, Group_OF-32377_29641, Group_OF-32377_31995, Group_OF-32377_28313, Group_OF-32377_30660, Group_OF-32377_15007, Group_OF-32377_55947, Group_OF-32377_54614, Group_OF-32377_55944, Group_OF-32377_31998, Group_OF-32377_30667, Group_OF-32377_15009, Group_OF-32377_54617, Group_OF-32377_6959, Group_OF-32377_43942, Group_OF-32377_5622, Group_OF-32377_43948, Group_OF-32377_28349, Group_OF-32377_42612, Group_OF-32377_5626, Group_OF-32377_5625, Group_OF-32377_5624, Group_OF-32377_6955, Group_OF-32377_43946, Group_OF-32377_27010, Group_OF-32377_27013, Group_OF-32377_28347, Group_OF-32377_29678, Group_OF-32377_55930, Group_OF-32377_27015, Group_OF-32377_30633, Group_OF-32377_29670, Group_OF-32377_30635, Group_OF-32377_30636, Group_OF-32377_43950, Group_OF-32377_15022, Group_OF-32377_43952, Group_OF-32377_43953, Group_OF-32377_4300, Group_OF-32377_27008, Group_OF-32377_43954, Group_OF-32377_4307, Group_OF-32377_4305, Group_OF-32377_6966, Group_OF-32377_28331, Group_OF-32377_31972, Group_OF-32377_30642, Group_OF-32377_31974, Group_OF-32377_31973, Group_OF-32377_29666, Group_OF-32377_28336, Group_OF-32377_29665, Group_OF-32377_15029, Group_OF-32377_55928, Group_OF-32377_29615, Group_OF-32377_43925, Group_OF-32377_29613, Group_OF-32377_46190, Group_OF-32377_31947, Group_OF-32377_31946, Group_OF-32377_9292, Group_OF-32377_46195, Group_OF-32377_42603, Group_OF-32377_42602, Group_OF-32377_29609, Group_OF-32377_43933, Group_OF-32377_42606, Group_OF-32377_31952, Group_OF-32377_30621, Group_OF-32377_31951, Group_OF-32377_43929, Group_OF-32377_29601, Group_OF-32377_31958, Group_OF-32377_30628, Group_OF-32377_31953, Group_OF-32377_5707, Group_OF-32377_34191, Group_OF-32377_43903, Group_OF-32377_29638, Group_OF-32377_5703, Group_OF-32377_5702, Group_OF-32377_34192, Group_OF-32377_43901, Group_OF-32377_28309, Group_OF-32377_43902, Group_OF-32377_46172, Group_OF-32377_46173, Group_OF-32377_5719, Group_OF-32377_5718, Group_OF-32377_5716, Group_OF-32377_31929, Group_OF-32377_5710, Group_OF-32377_29627, Group_OF-32377_43915, Group_OF-32377_43910, Group_OF-32377_43911, Group_OF-32377_5712, Group_OF-32377_29629, Group_OF-32377_43908, Group_OF-32377_29620, Group_OF-32377_29621, Group_OF-32377_30606, Group_OF-32377_46188, Group_OF-32377_31934, Group_OF-32377_47488, Group_OF-32377_46159, Group_OF-32377_34174, Group_OF-32377_34173, Group_OF-32377_9259, Group_OF-32377_9253, Group_OF-32377_9250, Group_OF-32377_46155, Group_OF-32377_47480, Group_OF-32377_47481, Group_OF-32377_47499, Group_OF-32377_9269, Group_OF-32377_9262, Group_OF-32377_48797, Group_OF-32377_34153, Group_OF-32377_35482, Group_OF-32377_9278, Group_OF-32377_9277, Group_OF-32377_48795, Group_OF-32377_46134, Group_OF-32377_47463, Group_OF-32377_46147, Group_OF-32377_46146, Group_OF-32377_46149, Group_OF-32377_46148, Group_OF-32377_34165, Group_OF-32377_34161, Group_OF-32377_9287, Group_OF-32377_34169, Group_OF-32377_9289, Group_OF-32377_35499, Group_OF-32377_34168, Group_OF-32377_46143, Group_OF-32377_47473, Group_OF-32377_9284, Group_OF-32377_47472, Group_OF-32377_46141, Group_OF-32377_46140, Group_OF-32377_46115, Group_OF-32377_23475, Group_OF-32377_36795, Group_OF-32377_23476, Group_OF-32377_23477, Group_OF-32377_36793, Group_OF-32377_9207, Group_OF-32377_9216, Group_OF-32377_35469, Group_OF-32377_9210, Group_OF-32377_36799, Group_OF-32377_9212, Group_OF-32377_34134, Group_OF-32377_35466, Group_OF-32377_36797, Group_OF-32377_46110, Group_OF-32377_48774, Group_OF-32377_46112, Group_OF-32377_47440, Group_OF-32377_46111, Group_OF-32377_46129, Group_OF-32377_48787, Group_OF-32377_23464, Group_OF-32377_24796, Group_OF-32377_34144, Group_OF-32377_34141, Group_OF-32377_35472, Group_OF-32377_9217, Group_OF-32377_35470, Group_OF-32377_24791, Group_OF-32377_35477, Group_OF-32377_24794, Group_OF-32377_35476, Group_OF-32377_48785, Group_OF-32377_47428, Group_OF-32377_48759, Group_OF-32377_23498, Group_OF-32377_35445, Group_OF-32377_9234, Group_OF-32377_9233, Group_OF-32377_36774, Group_OF-32377_47421, Group_OF-32377_46109, Group_OF-32377_48768, Group_OF-32377_48766, Group_OF-32377_48764, Group_OF-32377_48765, Group_OF-32377_35453, Group_OF-32377_34122, Group_OF-32377_23489, Group_OF-32377_9247, Group_OF-32377_34127, Group_OF-32377_36789, Group_OF-32377_23482, Group_OF-32377_35455, Group_OF-32377_48760, Group_OF-32377_48735, Group_OF-32377_35420, Group_OF-32377_36750, Group_OF-32377_23434, Group_OF-32377_47408, Group_OF-32377_35427, Group_OF-32377_35425, Group_OF-32377_35424, Group_OF-32377_35423, Group_OF-32377_24760, Group_OF-32377_35422, Group_OF-32377_23430, Group_OF-32377_47417, Group_OF-32377_23429, Group_OF-32377_48749, Group_OF-32377_47411, Group_OF-32377_48743, Group_OF-32377_23420, Group_OF-32377_35431, Group_OF-32377_36760, Group_OF-32377_24756, Group_OF-32377_47419, Group_OF-32377_24758, Group_OF-32377_35439, Group_OF-32377_34108, Group_OF-32377_34105, Group_OF-32377_35437, Group_OF-32377_36768, Group_OF-32377_35436, Group_OF-32377_36766, Group_OF-32377_36765, Group_OF-32377_23456, Group_OF-32377_24787, Group_OF-32377_48719, Group_OF-32377_24789, Group_OF-32377_48717, Group_OF-32377_35406, Group_OF-32377_36734, Group_OF-32377_24780, Group_OF-32377_23451, Group_OF-32377_35409, Group_OF-32377_48726, Group_OF-32377_9203, Group_OF-32377_36747, Group_OF-32377_9205, Group_OF-32377_36746, Group_OF-32377_35414, Group_OF-32377_9200, Group_OF-32377_24772, Group_OF-32377_35410, Group_OF-32377_53295, Group_OF-32377_53293, Group_OF-32377_53297, Group_OF-32377_3191, Group_OF-32377_36718, Group_OF-32377_48706, Group_OF-32377_53282, Group_OF-32377_36729, Group_OF-32377_41287, Group_OF-32377_41285, Group_OF-32377_41288, Group_OF-32377_24740, Group_OF-32377_23410, Group_OF-32377_23412, Group_OF-32377_53275, Group_OF-32377_53279, Group_OF-32377_41280, Group_OF-32377_23407, Group_OF-32377_24738, Group_OF-32377_23408, Group_OF-32377_24739, Group_OF-32377_41296, Group_OF-32377_24730, Group_OF-32377_23401, Group_OF-32377_24733, Group_OF-32377_23404, Group_OF-32377_53260, Group_OF-32377_36704, Group_OF-32377_36703, Group_OF-32377_53269, Group_OF-32377_36705, Group_OF-32377_41264, Group_OF-32377_42595, Group_OF-32377_42599, Group_OF-32377_3147, Group_OF-32377_3148, Group_OF-32377_3145, Group_OF-32377_4481, Group_OF-32377_28287, Group_OF-32377_28288, Group_OF-32377_54584, Group_OF-32377_3154, Group_OF-32377_53258, Group_OF-32377_54589, Group_OF-32377_53256, Group_OF-32377_28280, testGroup1, Group_OF-32377_53240, Group_OF-32377_4490, Group_OF-32377_53247, Group_OF-32377_53248, Group_OF-32377_54579, Group_OF-32377_28278, Group_OF-32377_54577, Group_OF-32377_28273, Group_OF-32377_24705, Group_OF-32377_42576, Group_OF-32377_30591, Group_OF-32377_24700, Group_OF-32377_54560, Group_OF-32377_24702, Group_OF-32377_54564, Group_OF-32377_30592, Group_OF-32377_55899, Group_OF-32377_55897, Group_OF-32377_42583, Group_OF-32377_55883, Group_OF-32377_54551, Group_OF-32377_3188, Group_OF-32377_28291, Group_OF-32377_54558, Group_OF-32377_53228, Group_OF-32377_42581, Group_OF-32377_28293, Group_OF-32377_42551, Group_OF-32377_43885, Group_OF-32377_41224, Group_OF-32377_3104, Group_OF-32377_41228, Group_OF-32377_42558, Group_OF-32377_43888, Group_OF-32377_4437, Group_OF-32377_28243, Group_OF-32377_28244, Group_OF-32377_29572, Group_OF-32377_54540, Group_OF-32377_28247, Group_OF-32377_30570, Group_OF-32377_54545, Group_OF-32377_55877, Group_OF-32377_3111, Group_OF-32377_5772, Group_OF-32377_28248, Group_OF-32377_53212, Group_OF-32377_55875, Group_OF-32377_28246, Group_OF-32377_29577, Group_OF-32377_53219, Group_OF-32377_29571, Group_OF-32377_42560, Group_OF-32377_42566, Group_OF-32377_42565, Group_OF-32377_4443, Group_OF-32377_3119, Group_OF-32377_28233, Group_OF-32377_28230, Group_OF-32377_4452, Group_OF-32377_53203, Group_OF-32377_54534, Group_OF-32377_55866, Group_OF-32377_4450, Group_OF-32377_30583, Group_OF-32377_55864, Group_OF-32377_3120, Group_OF-32377_53202, Group_OF-32377_54537, Group_OF-32377_43862, Group_OF-32377_43865, Group_OF-32377_42533, Group_OF-32377_41200, Group_OF-32377_3125, Group_OF-32377_4456, Group_OF-32377_41206, Group_OF-32377_4454, Group_OF-32377_3127, Group_OF-32377_41209, Group_OF-32377_5789, Group_OF-32377_28265, Group_OF-32377_29596, Group_OF-32377_30554, Group_OF-32377_55854, Group_OF-32377_3130, Group_OF-32377_4461, Group_OF-32377_54522, Group_OF-32377_55852, Group_OF-32377_55859, Group_OF-32377_54528, Group_OF-32377_54529, Group_OF-32377_43873, Group_OF-32377_42545, Group_OF-32377_43871, Group_OF-32377_3136, Group_OF-32377_5799, Group_OF-32377_41218, Group_OF-32377_5798, Group_OF-32377_41216, Group_OF-32377_3135, Group_OF-32377_5796, Group_OF-32377_43877, Group_OF-32377_43878, Group_OF-32377_3139, Group_OF-32377_29583, Group_OF-32377_29584, Group_OF-32377_54513, Group_OF-32377_55848, Group_OF-32377_29580, Group_OF-32377_55849, Group_OF-32377_43841, Group_OF-32377_5727, Group_OF-32377_43843, Group_OF-32377_42511, Group_OF-32377_42516, Group_OF-32377_42515, Group_OF-32377_5720, Group_OF-32377_5726, Group_OF-32377_29530, Group_OF-32377_31862, Group_OF-32377_29532, Group_OF-32377_28202, Group_OF-32377_31869, Group_OF-32377_54504, Group_OF-32377_55834, Group_OF-32377_30534, Group_OF-32377_54507, Group_OF-32377_55839, Group_OF-32377_31867, Group_OF-32377_43859, Group_OF-32377_5736, Group_OF-32377_29529, Group_OF-32377_42529, Group_OF-32377_31875, Group_OF-32377_29523, Group_OF-32377_55822, Group_OF-32377_29522, Group_OF-32377_55825, Group_OF-32377_31877, Group_OF-32377_30547, Group_OF-32377_31879, Group_OF-32377_55828, Group_OF-32377_4418, Group_OF-32377_4413, Group_OF-32377_5743, Group_OF-32377_5742, Group_OF-32377_28227, Group_OF-32377_29558, Group_OF-32377_43828, Group_OF-32377_4414, Group_OF-32377_29552, Group_OF-32377_31840, Group_OF-32377_46091, Group_OF-32377_29557, Group_OF-32377_28224, Group_OF-32377_30517, Group_OF-32377_46098, Group_OF-32377_46097, Group_OF-32377_46096, Group_OF-32377_43832, Group_OF-32377_42500, Group_OF-32377_5755, Group_OF-32377_28218, Group_OF-32377_29549, Group_OF-32377_28219, Group_OF-32377_29547, Group_OF-32377_42509, Group_OF-32377_29540, Group_OF-32377_30522, Group_OF-32377_31852, Group_OF-32377_28214, Group_OF-32377_5761, Group_OF-32377_28212, Group_OF-32377_55804, Group_OF-32377_31858, Group_OF-32377_55802, Group_OF-32377_30523, Group_OF-32377_31854, Group_OF-32377_30525, Group_OF-32377_30526, Group_OF-32377_55805, Group_OF-32377_42955, Group_OF-32377_41622, Group_OF-32377_28649, Group_OF-32377_30972, Group_OF-32377_53611, Group_OF-32377_39305, Group_OF-32377_39306, Group_OF-32377_39308, Group_OF-32377_39311, Group_OF-32377_41630, Group_OF-32377_39314, Group_OF-32377_40302, Group_OF-32377_41633, Group_OF-32377_29969, Group_OF-32377_40306, Group_OF-32377_40307, Group_OF-32377_28632, Group_OF-32377_54931, Group_OF-32377_53604, Group_OF-32377_53601, Group_OF-32377_54933, Group_OF-32377_30985, Group_OF-32377_54939, Group_OF-32377_54919, Group_OF-32377_41603, Group_OF-32377_27336, Group_OF-32377_28667, Group_OF-32377_29998, Group_OF-32377_26007, Group_OF-32377_42938, Group_OF-32377_28661, Group_OF-32377_26000, Group_OF-32377_30950, Group_OF-32377_30951, Group_OF-32377_26002, Group_OF-32377_29996, Group_OF-32377_27335, Group_OF-32377_30956, Group_OF-32377_30959, Group_OF-32377_54922, Group_OF-32377_30952, Group_OF-32377_29989, Group_OF-32377_41612, Group_OF-32377_27327, Group_OF-32377_42949, Group_OF-32377_42946, Group_OF-32377_30962, Group_OF-32377_42939, Group_OF-32377_54912, Group_OF-32377_54913, Group_OF-32377_54916, Group_OF-32377_54914, Group_OF-32377_30966, testc, Group_OF-32377_29934, Group_OF-32377_42912, Group_OF-32377_28608, Group_OF-32377_42906, Group_OF-32377_28600, Group_OF-32377_54900, Group_OF-32377_30931, Group_OF-32377_30939, Group_OF-32377_29924, Group_OF-32377_42921, Group_OF-32377_42926, Group_OF-32377_30945, Group_OF-32377_30941, Group_OF-32377_30944, Group_OF-32377_30906, Group_OF-32377_33186, Group_OF-32377_33187, Group_OF-32377_33182, Group_OF-32377_33181, Group_OF-32377_28622, Group_OF-32377_30915, Group_OF-32377_45165, Group_OF-32377_45179, Group_OF-32377_30918, Group_OF-32377_28612, Group_OF-32377_29943, Group_OF-32377_33196, Group_OF-32377_33193, Group_OF-32377_33194, Group_OF-32377_28617, Group_OF-32377_29940, Group_OF-32377_45175, Group_OF-32377_30924, Group_OF-32377_30925, Group_OF-32377_46477, Group_OF-32377_45147, Group_OF-32377_34490, Group_OF-32377_34499, Group_OF-32377_45156, Group_OF-32377_22497, Group_OF-32377_33173, Group_OF-32377_33170, Group_OF-32377_22494, Group_OF-32377_30902, Group_OF-32377_45152, Group_OF-32377_22493, Group_OF-32377_30904, Group_OF-32377_45128, Group_OF-32377_45127, Group_OF-32377_29918, Group_OF-32377_47789, Group_OF-32377_45126, Group_OF-32377_47785, Group_OF-32377_29913, Group_OF-32377_29915, Group_OF-32377_33148, Group_OF-32377_33149, Group_OF-32377_34475, Group_OF-32377_47781, Group_OF-32377_45121, Group_OF-32377_29909, Group_OF-32377_47796, Group_OF-32377_45136, Group_OF-32377_47797, Group_OF-32377_33154, Group_OF-32377_29905, Group_OF-32377_33157, Group_OF-32377_34486, Group_OF-32377_33156, Group_OF-32377_46463, Group_OF-32377_46437, Group_OF-32377_47768, Group_OF-32377_45102, Group_OF-32377_46432, Group_OF-32377_45104, Group_OF-32377_23794, Group_OF-32377_34459, Group_OF-32377_23791, Group_OF-32377_34456, Group_OF-32377_23792, Group_OF-32377_34454, Group_OF-32377_46430, Group_OF-32377_45116, Group_OF-32377_45119, Group_OF-32377_33132, Group_OF-32377_33130, Group_OF-32377_23788, Group_OF-32377_34468, Group_OF-32377_34466, Group_OF-32377_45111, Group_OF-32377_47770, Group_OF-32377_46441, Group_OF-32377_46414, Group_OF-32377_47745, Group_OF-32377_22487, Group_OF-32377_47744, Group_OF-32377_46413, Group_OF-32377_47741, Group_OF-32377_35767, Group_OF-32377_34436, Group_OF-32377_33103, Group_OF-32377_34431, Group_OF-32377_22481, Group_OF-32377_46426, Group_OF-32377_22476, Group_OF-32377_34440, Group_OF-32377_35770, Group_OF-32377_33113, Group_OF-32377_35773, Group_OF-32377_47725, Group_OF-32377_4157, Group_OF-32377_5489, Group_OF-32377_4158, Group_OF-32377_23755, Group_OF-32377_47727, Group_OF-32377_23757, Group_OF-32377_47728, Group_OF-32377_34415, Group_OF-32377_4163, Group_OF-32377_34416, Group_OF-32377_35746, Group_OF-32377_35745, Group_OF-32377_35743, Group_OF-32377_47732, Group_OF-32377_47733, Group_OF-32377_47731, Group_OF-32377_4168, Group_OF-32377_4173, Group_OF-32377_35757, Group_OF-32377_34425, Group_OF-32377_34422, Group_OF-32377_34423, Group_OF-32377_23775, Group_OF-32377_23778, Group_OF-32377_35725, Group_OF-32377_4185, Group_OF-32377_35721, Group_OF-32377_4181, Group_OF-32377_35728, Group_OF-32377_23764, Group_OF-32377_23767, Group_OF-32377_34400, Group_OF-32377_35730, Group_OF-32377_34408, Group_OF-32377_35739, Group_OF-32377_23714, Group_OF-32377_23715, Group_OF-32377_40297, Group_OF-32377_40298, Group_OF-32377_6776, Group_OF-32377_23710, Group_OF-32377_52281, Group_OF-32377_23711, Group_OF-32377_52283, Group_OF-32377_52287, Group_OF-32377_4123, Group_OF-32377_4121, Group_OF-32377_35704, Group_OF-32377_40291, Group_OF-32377_23707, Group_OF-32377_6789, Group_OF-32377_4124, Group_OF-32377_5455, Group_OF-32377_5459, Group_OF-32377_6790, Group_OF-32377_52275, Group_OF-32377_6796, Group_OF-32377_35715, Group_OF-32377_23739, Group_OF-32377_40278, Group_OF-32377_39289, Group_OF-32377_40276, Group_OF-32377_4138, Group_OF-32377_6797, Group_OF-32377_39282, Group_OF-32377_39284, Group_OF-32377_53590, Group_OF-32377_52263, Group_OF-32377_53593, Group_OF-32377_52264, Group_OF-32377_5476, Group_OF-32377_53598, Group_OF-32377_39296, Group_OF-32377_39298, Group_OF-32377_40288, Group_OF-32377_4146, Group_OF-32377_5478, Group_OF-32377_4147, Group_OF-32377_5477, Group_OF-32377_53580, Group_OF-32377_4152, Group_OF-32377_5487, Group_OF-32377_4156, Group_OF-32377_40282, Group_OF-32377_39265, Group_OF-32377_5408, Group_OF-32377_6739, Group_OF-32377_39268, Group_OF-32377_40257, Group_OF-32377_5403, Group_OF-32377_5402, Group_OF-32377_6733, Group_OF-32377_5401, Group_OF-32377_5400, Group_OF-32377_6731, Group_OF-32377_52241, Group_OF-32377_27273, Group_OF-32377_52240, Group_OF-32377_53571, Group_OF-32377_53572, Group_OF-32377_53576, Group_OF-32377_41580, Group_OF-32377_39276, Group_OF-32377_5419, Group_OF-32377_40268, Group_OF-32377_5411, Group_OF-32377_5415, Group_OF-32377_27263, Group_OF-32377_54893, Group_OF-32377_27262, Group_OF-32377_27265, Group_OF-32377_53560, Group_OF-32377_54891, Group_OF-32377_54892, Group_OF-32377_52234, Group_OF-32377_52233, Group_OF-32377_52236, Group_OF-32377_53564, Group_OF-32377_28598, Group_OF-32377_53565, Group_OF-32377_52238, Group_OF-32377_41562, Group_OF-32377_40231, Group_OF-32377_42891, Group_OF-32377_39246, Group_OF-32377_40235, Group_OF-32377_40233, Group_OF-32377_5425, Group_OF-32377_40238, Group_OF-32377_40237, Group_OF-32377_5426, Group_OF-32377_39240, Group_OF-32377_54882, Group_OF-32377_53553, Group_OF-32377_54888, Group_OF-32377_54889, Group_OF-32377_41571, Group_OF-32377_40245, Group_OF-32377_40246, Group_OF-32377_40244, Group_OF-32377_4105, Group_OF-32377_6766, Group_OF-32377_5434, Group_OF-32377_4108, Group_OF-32377_39250, Group_OF-32377_5437, Group_OF-32377_4111, Group_OF-32377_5443, Group_OF-32377_27289, Group_OF-32377_4112, Group_OF-32377_52211, Group_OF-32377_5441, Group_OF-32377_53543, Group_OF-32377_52219, Group_OF-32377_42870, Group_OF-32377_41542, Group_OF-32377_42873, Group_OF-32377_40211, Group_OF-32377_42872, Group_OF-32377_40217, Group_OF-32377_27230, Group_OF-32377_29894, Group_OF-32377_54861, Group_OF-32377_27232, Group_OF-32377_29891, Group_OF-32377_28560, Group_OF-32377_54864, Group_OF-32377_30892, Group_OF-32377_52202, Group_OF-32377_54863, Group_OF-32377_52206, Group_OF-32377_30898, Group_OF-32377_52208, Group_OF-32377_15240, Group_OF-32377_39233, Group_OF-32377_40222, Group_OF-32377_6700, Group_OF-32377_40228, Group_OF-32377_29888, Group_OF-32377_42888, Group_OF-32377_29881, Group_OF-32377_28555, Group_OF-32377_53523, Group_OF-32377_53520, Group_OF-32377_15247, Group_OF-32377_54856, Group_OF-32377_15272, Group_OF-32377_39201, Group_OF-32377_41526, Group_OF-32377_42854, Group_OF-32377_6714, Group_OF-32377_41528, Group_OF-32377_30872, Group_OF-32377_30873, Group_OF-32377_28588, Group_OF-32377_28589, Group_OF-32377_53515, Group_OF-32377_53517, Group_OF-32377_42860, Group_OF-32377_15262, Group_OF-32377_42864, Group_OF-32377_39214, Group_OF-32377_6721, Group_OF-32377_28579, Group_OF-32377_42866, Group_OF-32377_40204, Group_OF-32377_40208, Group_OF-32377_28573, Group_OF-32377_30885, Group_OF-32377_27247, Group_OF-32377_39217, Group_OF-32377_54838, Group_OF-32377_41502, Group_OF-32377_9059, Group_OF-32377_29853, Group_OF-32377_28520, Group_OF-32377_30857, Group_OF-32377_54823, Group_OF-32377_30854, Group_OF-32377_54827, Group_OF-32377_42842, Group_OF-32377_15202, Group_OF-32377_28515, Group_OF-32377_41515, Group_OF-32377_28513, Group_OF-32377_29844, Group_OF-32377_28514, Group_OF-32377_41512, Group_OF-32377_29848, Group_OF-32377_30863, Group_OF-32377_28512, Group_OF-32377_29843, Group_OF-32377_9063, Group_OF-32377_30868, Group_OF-32377_30869, Group_OF-32377_9065, Group_OF-32377_54811, Group_OF-32377_54818, Group_OF-32377_54816, Group_OF-32377_15230, Group_OF-32377_15234, Group_OF-32377_15232, Group_OF-32377_27216, Group_OF-32377_28548, Group_OF-32377_27218, Group_OF-32377_42810, Group_OF-32377_42817, Group_OF-32377_42814, Group_OF-32377_42807, Group_OF-32377_29875, Group_OF-32377_9077, Group_OF-32377_27213, Group_OF-32377_28543, Group_OF-32377_54802, Group_OF-32377_30836, Group_OF-32377_30837, Group_OF-32377_30831, Group_OF-32377_45082, Group_OF-32377_30834, Group_OF-32377_6808, Group_OF-32377_6809, Group_OF-32377_27205, Group_OF-32377_27207, Group_OF-32377_27206, Group_OF-32377_42821, Group_OF-32377_27209, Group_OF-32377_27208, Group_OF-32377_42826, Group_OF-32377_45091, Group_OF-32377_28531, Group_OF-32377_27202, Group_OF-32377_45097, Group_OF-32377_9086, Group_OF-32377_30843, Group_OF-32377_46399, Group_OF-32377_33087, Group_OF-32377_33085, Group_OF-32377_29817, Group_OF-32377_9015, Group_OF-32377_9011, Group_OF-32377_46395, Group_OF-32377_46398, Group_OF-32377_45063, Group_OF-32377_46394, Group_OF-32377_30812, Group_OF-32377_30818, Group_OF-32377_30819, Group_OF-32377_42802, Group_OF-32377_42803, Group_OF-32377_9027, Group_OF-32377_9029, Group_OF-32377_9023, Group_OF-32377_9025, Group_OF-32377_45075, Group_OF-32377_9021, Group_OF-32377_33065, Group_OF-32377_28505, Group_OF-32377_29836, Group_OF-32377_28503, Group_OF-32377_9034, Group_OF-32377_33069, Group_OF-32377_28501, Group_OF-32377_9035, Group_OF-32377_9032, Group_OF-32377_46375, Group_OF-32377_46371, Group_OF-32377_33072, Group_OF-32377_29827, Group_OF-32377_29820, Group_OF-32377_33079, Group_OF-32377_9043, Group_OF-32377_9042, Group_OF-32377_30805, Group_OF-32377_46381, Group_OF-32377_30800, Group_OF-32377_47688, Group_OF-32377_47686, Group_OF-32377_33044, Group_OF-32377_45020, Group_OF-32377_46351, Group_OF-32377_47685, Group_OF-32377_45022, Group_OF-32377_47680, Group_OF-32377_46367, Group_OF-32377_45038, Group_OF-32377_46368, Group_OF-32377_33054, Group_OF-32377_34385, Group_OF-32377_34384, Group_OF-32377_33051, Group_OF-32377_33058, Group_OF-32377_33059, Group_OF-32377_34387, Group_OF-32377_33057, Group_OF-32377_45034, Group_OF-32377_45030, Group_OF-32377_45009, Group_OF-32377_48999, Group_OF-32377_45003, Group_OF-32377_45005, Group_OF-32377_33029, Group_OF-32377_34358, Group_OF-32377_34354, Group_OF-32377_35686, Group_OF-32377_46330, Group_OF-32377_48993, Group_OF-32377_45001, Group_OF-32377_46345, Group_OF-32377_46344, Group_OF-32377_35695, Group_OF-32377_33030, Group_OF-32377_35692, Group_OF-32377_9007, Group_OF-32377_34367, Group_OF-32377_33037, Group_OF-32377_45012, Group_OF-32377_47671, Group_OF-32377_47672, Group_OF-32377_47670, Group_OF-32377_46316, Group_OF-32377_46318, Group_OF-32377_46311, Group_OF-32377_47642, Group_OF-32377_36990, Group_OF-32377_34338, Group_OF-32377_48970, Group_OF-32377_48988, Group_OF-32377_46328, Group_OF-32377_47658, Group_OF-32377_46322, Group_OF-32377_48987, Group_OF-32377_24993, Group_OF-32377_33011, Group_OF-32377_35670, Group_OF-32377_23666, Group_OF-32377_24998, Group_OF-32377_34345, Group_OF-32377_24990, Group_OF-32377_33012, Group_OF-32377_34343, Group_OF-32377_33013, Group_OF-32377_47652, Group_OF-32377_47627, Group_OF-32377_48954, Group_OF-32377_48952, Group_OF-32377_48959, Group_OF-32377_47629, Group_OF-32377_35648, Group_OF-32377_34317, Group_OF-32377_34312, Group_OF-32377_34318, Group_OF-32377_35649, Group_OF-32377_48968, Group_OF-32377_47635, Group_OF-32377_47636, Group_OF-32377_46301, Group_OF-32377_48964, Group_OF-32377_46300, Group_OF-32377_47634, Group_OF-32377_23684, Group_OF-32377_36982, Group_OF-32377_34320, Group_OF-32377_36981, Group_OF-32377_23686, Group_OF-32377_46308, Group_OF-32377_35659, Group_OF-32377_36989, Group_OF-32377_35657, Group_OF-32377_34323, Group_OF-32377_35655, Group_OF-32377_23682, Group_OF-32377_23683, Group_OF-32377_36983, Group_OF-32377_34329, Group_OF-32377_47604, Group_OF-32377_47600, Group_OF-32377_4278, Group_OF-32377_23631, Group_OF-32377_23633, Group_OF-32377_47608, Group_OF-32377_36957, Group_OF-32377_36955, Group_OF-32377_36951, Group_OF-32377_4280, Group_OF-32377_36958, Group_OF-32377_24957, Group_OF-32377_48947, Group_OF-32377_24959, Group_OF-32377_48945, Group_OF-32377_24951, Group_OF-32377_24953, Group_OF-32377_24954, Group_OF-32377_24955, Group_OF-32377_23625, Group_OF-32377_24956, Group_OF-32377_47618, Group_OF-32377_52199, Group_OF-32377_36964, Group_OF-32377_4299, Group_OF-32377_35639, Group_OF-32377_40197, Group_OF-32377_48911, Group_OF-32377_23653, Group_OF-32377_24984, Group_OF-32377_24985, Group_OF-32377_23655, Group_OF-32377_52182, Group_OF-32377_48915, Group_OF-32377_23658, Group_OF-32377_24989, Group_OF-32377_36935, Group_OF-32377_35603, Group_OF-32377_52187, Group_OF-32377_36939, Group_OF-32377_40194, Group_OF-32377_36937, Group_OF-32377_35605, Group_OF-32377_48922, Group_OF-32377_48920, Group_OF-32377_23641, Group_OF-32377_23643, Group_OF-32377_23644, Group_OF-32377_48926, Group_OF-32377_52172, Group_OF-32377_52176, Group_OF-32377_35611, Group_OF-32377_39186, Group_OF-32377_40175, Group_OF-32377_24927, Group_OF-32377_6898, Group_OF-32377_4234, Group_OF-32377_39180, Group_OF-32377_39181, Group_OF-32377_24920, Group_OF-32377_53493, Group_OF-32377_5569, Group_OF-32377_52161, Group_OF-32377_53496, Group_OF-32377_27196, Group_OF-32377_27198, Group_OF-32377_36910, Group_OF-32377_4244, Group_OF-32377_53498, Group_OF-32377_36917, Group_OF-32377_27195, Group_OF-32377_39198, Group_OF-32377_48903, Group_OF-32377_24919, Group_OF-32377_39190, Group_OF-32377_5577, Group_OF-32377_48907, Group_OF-32377_52154, Group_OF-32377_4254, Group_OF-32377_4255, Group_OF-32377_40183, Group_OF-32377_40180, Group_OF-32377_39166, Group_OF-32377_40151, Group_OF-32377_39167, Group_OF-32377_40152, Group_OF-32377_41488, Group_OF-32377_40155, Group_OF-32377_40159, Group_OF-32377_39161, Group_OF-32377_23613, Group_OF-32377_52142, Group_OF-32377_53474, Group_OF-32377_4262, Group_OF-32377_53472, Group_OF-32377_4265, Group_OF-32377_52148, Group_OF-32377_23605, Group_OF-32377_39176, Group_OF-32377_40165, Group_OF-32377_24937, Group_OF-32377_40162, Group_OF-32377_41494, Group_OF-32377_24938, Group_OF-32377_40169, Group_OF-32377_41497, Group_OF-32377_4269, Group_OF-32377_4, Group_OF-32377_2, Group_OF-32377_39171, Group_OF-32377_53460, Group_OF-32377_24933, Group_OF-32377_24934, Group_OF-32377_39174, Group_OF-32377_36901, Group_OF-32377_52135, Group_OF-32377_53467, Group_OF-32377_4274, Group_OF-32377_4275, Group_OF-32377_54797, Group_OF-32377_53469, Group_OF-32377_40160, Group_OF-32377_40131, Group_OF-32377_41463, Group_OF-32377_40132, Group_OF-32377_15173, Group_OF-32377_40130, Group_OF-32377_39147, Group_OF-32377_41466, Group_OF-32377_40133, Group_OF-32377_42799, Group_OF-32377_6859, Group_OF-32377_5526, Group_OF-32377_15170, Group_OF-32377_52120, Group_OF-32377_28483, Group_OF-32377_27154, Group_OF-32377_54787, Group_OF-32377_53457, Group_OF-32377_52125, Group_OF-32377_53455, Group_OF-32377_52127, Group_OF-32377_28482, Group_OF-32377_40142, Group_OF-32377_41474, Group_OF-32377_4209, Group_OF-32377_41471, Group_OF-32377_40146, Group_OF-32377_15166, Group_OF-32377_40145, Group_OF-32377_27149, Group_OF-32377_4201, Group_OF-32377_5533, Group_OF-32377_6864, Group_OF-32377_5539, Group_OF-32377_5537, Group_OF-32377_4206, Group_OF-32377_53442, Group_OF-32377_54770, Group_OF-32377_52113, Group_OF-32377_27145, Group_OF-32377_27148, Group_OF-32377_28476, Group_OF-32377_28477, Group_OF-32377_54775, Group_OF-32377_52118, Group_OF-32377_54779, Group_OF-32377_28470, Group_OF-32377_15197, Group_OF-32377_15198, Group_OF-32377_15195, Group_OF-32377_42770, Group_OF-32377_24906, Group_OF-32377_41445, Group_OF-32377_24907, Group_OF-32377_40114, Group_OF-32377_24908, Group_OF-32377_40111, Group_OF-32377_15190, Group_OF-32377_42779, Group_OF-32377_41447, Group_OF-32377_42778, Group_OF-32377_40116, Group_OF-32377_4219, Group_OF-32377_15191, Group_OF-32377_30794, Group_OF-32377_6884, Group_OF-32377_54765, Group_OF-32377_27178, Group_OF-32377_30793, Group_OF-32377_52107, Group_OF-32377_30798, Group_OF-32377_39131, Group_OF-32377_40120, Group_OF-32377_15185, Group_OF-32377_15189, Group_OF-32377_4229, Group_OF-32377_15181, Group_OF-32377_39130, Group_OF-32377_6891, Group_OF-32377_28496, Group_OF-32377_27163, Group_OF-32377_53420, Group_OF-32377_4232, Group_OF-32377_53426, Group_OF-32377_27160, Group_OF-32377_27162, Group_OF-32377_28490, Group_OF-32377_53429, Group_OF-32377_6819, Group_OF-32377_39100, Group_OF-32377_41422, Group_OF-32377_15133, Group_OF-32377_39104, Group_OF-32377_41420, Group_OF-32377_27118, Group_OF-32377_41424, Group_OF-32377_6814, Group_OF-32377_29772, Group_OF-32377_54740, Group_OF-32377_27111, Group_OF-32377_27110, Group_OF-32377_27112, Group_OF-32377_54741, Group_OF-32377_9096, Group_OF-32377_9095, Group_OF-32377_9092, Group_OF-32377_30778, Group_OF-32377_53418, Group_OF-32377_39110, Group_OF-32377_15124, Group_OF-32377_42765, Group_OF-32377_41433, Group_OF-32377_15123, Group_OF-32377_39116, Group_OF-32377_29769, Group_OF-32377_41437, Group_OF-32377_29767, Group_OF-32377_42767, Group_OF-32377_27107, Group_OF-32377_30784, Group_OF-32377_29765, Group_OF-32377_53402, Group_OF-32377_53400, Group_OF-32377_39117, Group_OF-32377_54736, Group_OF-32377_53406, Group_OF-32377_15127, Group_OF-32377_53404, Group_OF-32377_53409, Group_OF-32377_30788, Group_OF-32377_53408, Group_OF-32377_5509, Group_OF-32377_6838, Group_OF-32377_42731, Group_OF-32377_27139, Group_OF-32377_27138, Group_OF-32377_41402, Group_OF-32377_41409, Group_OF-32377_6836, Group_OF-32377_28464, Group_OF-32377_29795, Group_OF-32377_28467, Group_OF-32377_28465, Group_OF-32377_29796, Group_OF-32377_30755, Group_OF-32377_30756, Group_OF-32377_42741, Group_OF-32377_6844, Group_OF-32377_6841, Group_OF-32377_41413, Group_OF-32377_41417, Group_OF-32377_28453, Group_OF-32377_30763, Group_OF-32377_5520, Group_OF-32377_54710, Group_OF-32377_27123, Group_OF-32377_27126, Group_OF-32377_29785, Group_OF-32377_29786, Group_OF-32377_54714, Group_OF-32377_15148, Group_OF-32377_30768, Group_OF-32377_299, Group_OF-32377_47160, Group_OF-32377_48491, Group_OF-32377_32914, Group_OF-32377_32916, Group_OF-32377_291, Group_OF-32377_48495, Group_OF-32377_32913, Group_OF-32377_48493, Group_OF-32377_23189, Group_OF-32377_35197, Group_OF-32377_35193, Group_OF-32377_47171, Group_OF-32377_23185, Group_OF-32377_32926, Group_OF-32377_47178, Group_OF-32377_32925, Group_OF-32377_47176, Group_OF-32377_47149, Group_OF-32377_36495, Group_OF-32377_36491, Group_OF-32377_35169, Group_OF-32377_47146, Group_OF-32377_47143, Group_OF-32377_48472, Group_OF-32377_35175, Group_OF-32377_50795, Group_OF-32377_47156, Group_OF-32377_47157, Group_OF-32377_47154, Group_OF-32377_32900, Group_OF-32377_48484, Group_OF-32377_47150, Group_OF-32377_32901, Group_OF-32377_1647, Group_OF-32377_47127, Group_OF-32377_49789, Group_OF-32377_47126, Group_OF-32377_2971, Group_OF-32377_24487, Group_OF-32377_23158, Group_OF-32377_23159, Group_OF-32377_2975, Group_OF-32377_1642, Group_OF-32377_2976, Group_OF-32377_2973, Group_OF-32377_50782, Group_OF-32377_35148, Group_OF-32377_36479, Group_OF-32377_36478, Group_OF-32377_24486, Group_OF-32377_50783, Group_OF-32377_48452, Group_OF-32377_49784, Group_OF-32377_1658, Group_OF-32377_47139, Group_OF-32377_23145, Group_OF-32377_1654, Group_OF-32377_35151, Group_OF-32377_36482, Group_OF-32377_1655, Group_OF-32377_24470, Group_OF-32377_35159, Group_OF-32377_50773, Group_OF-32377_36488, Group_OF-32377_49797, Group_OF-32377_50775, Group_OF-32377_49796, Group_OF-32377_47133, Group_OF-32377_50776, Group_OF-32377_47130, Group_OF-32377_49792, Group_OF-32377_50778, Group_OF-32377_49790, Group_OF-32377_37785, Group_OF-32377_23178, Group_OF-32377_2994, Group_OF-32377_1663, Group_OF-32377_2991, Group_OF-32377_35121, Group_OF-32377_35120, Group_OF-32377_1667, Group_OF-32377_1666, Group_OF-32377_35128, Group_OF-32377_35126, Group_OF-32377_1670, Group_OF-32377_23176, Group_OF-32377_36456, Group_OF-32377_50761, Group_OF-32377_47101, Group_OF-32377_48432, Group_OF-32377_37787, Group_OF-32377_37788, Group_OF-32377_47100, Group_OF-32377_37791, Group_OF-32377_37793, Group_OF-32377_49779, Group_OF-32377_35134, Group_OF-32377_36464, Group_OF-32377_35132, Group_OF-32377_24495, Group_OF-32377_23165, Group_OF-32377_23166, Group_OF-32377_48443, Group_OF-32377_47113, Group_OF-32377_49773, Group_OF-32377_49770, Group_OF-32377_50759, Group_OF-32377_48419, Group_OF-32377_48417, Group_OF-32377_210, Group_OF-32377_2939, Group_OF-32377_1608, Group_OF-32377_37763, Group_OF-32377_35100, Group_OF-32377_24445, Group_OF-32377_25777, Group_OF-32377_36430, Group_OF-32377_25776, Group_OF-32377_25778, Group_OF-32377_35108, Group_OF-32377_35107, Group_OF-32377_25770, Group_OF-32377_35103, Group_OF-32377_36433, Group_OF-32377_37765, Group_OF-32377_50741, Group_OF-32377_37769, Group_OF-32377_1614, Group_OF-32377_50728, Group_OF-32377_37770, Group_OF-32377_48423, Group_OF-32377_2949, Group_OF-32377_25764, Group_OF-32377_36443, Group_OF-32377_24433, Group_OF-32377_35110, Group_OF-32377_2942, Group_OF-32377_36449, Group_OF-32377_36448, Group_OF-32377_35116, Group_OF-32377_36447, Group_OF-32377_36445, Group_OF-32377_37776, Group_OF-32377_50717, Group_OF-32377_1624, Group_OF-32377_2955, Group_OF-32377_49722, Group_OF-32377_23134, Group_OF-32377_25796, Group_OF-32377_24467, Group_OF-32377_1621, Group_OF-32377_1622, Group_OF-32377_2952, Group_OF-32377_36418, Group_OF-32377_23130, Group_OF-32377_24461, Group_OF-32377_24462, Group_OF-32377_50721, Group_OF-32377_37746, Group_OF-32377_50724, Group_OF-32377_37749, Group_OF-32377_249, Group_OF-32377_1639, Group_OF-32377_2961, Group_OF-32377_25785, Group_OF-32377_36420, Group_OF-32377_1630, Group_OF-32377_25788, Group_OF-32377_2963, Group_OF-32377_36425, Group_OF-32377_25781, Group_OF-32377_25784, Group_OF-32377_50714, Group_OF-32377_25738, Group_OF-32377_24409, Group_OF-32377_49703, Group_OF-32377_24400, Group_OF-32377_24403, Group_OF-32377_5177, Group_OF-32377_37725, Group_OF-32377_37727, Group_OF-32377_49714, Group_OF-32377_2906, Group_OF-32377_49712, Group_OF-32377_25723, Group_OF-32377_54294, Group_OF-32377_5185, Group_OF-32377_262, Group_OF-32377_37736, Group_OF-32377_36409, Group_OF-32377_25753, Group_OF-32377_24423, Group_OF-32377_24424, Group_OF-32377_2910, Group_OF-32377_24426, Group_OF-32377_24428, Group_OF-32377_37707, Group_OF-32377_54287, Group_OF-32377_25751, Group_OF-32377_5198, Group_OF-32377_25750, Group_OF-32377_5193, Group_OF-32377_42295, Group_OF-32377_37703, Group_OF-32377_271, Group_OF-32377_5190, Group_OF-32377_2924, Group_OF-32377_2929, Group_OF-32377_289, Group_OF-32377_2927, Group_OF-32377_24411, Group_OF-32377_2921, Group_OF-32377_54274, Group_OF-32377_54271, Group_OF-32377_37718, Group_OF-32377_281, Group_OF-32377_37716, Group_OF-32377_42276, Group_OF-32377_30291, Group_OF-32377_55590, Group_OF-32377_55594, Group_OF-32377_55591, Group_OF-32377_5252, Group_OF-32377_29299, Group_OF-32377_29297, Group_OF-32377_30296, Group_OF-32377_5261, Group_OF-32377_6592, Group_OF-32377_29286, Group_OF-32377_29287, Group_OF-32377_6598, Group_OF-32377_55589, Group_OF-32377_6590, test-LL-policy, Group_OF-32377_43587, Group_OF-32377_25716, Group_OF-32377_43588, Group_OF-32377_42252, Group_OF-32377_43583, Group_OF-32377_42256, Group_OF-32377_5269, Group_OF-32377_5268, Group_OF-32377_55570, Group_OF-32377_54249, Group_OF-32377_30275, Group_OF-32377_30276, Group_OF-32377_43599, Group_OF-32377_30281, Group_OF-32377_55560, Group_OF-32377_25703, Group_OF-32377_30289, Group_OF-32377_54234, Group_OF-32377_55562, Group_OF-32377_54238, Group_OF-32377_55566, Group_OF-32377_43593, Group_OF-32377_5280, Group_OF-32377_42237, Group_OF-32377_44893, Group_OF-32377_44895, Group_OF-32377_6536, Group_OF-32377_6534, Group_OF-32377_42239, Group_OF-32377_6533, Group_OF-32377_5208, Group_OF-32377_7865, Group_OF-32377_5207, Group_OF-32377_31587, Group_OF-32377_7873, Group_OF-32377_54220, Group_OF-32377_55552, Group_OF-32377_6543, Group_OF-32377_29259, Group_OF-32377_55558, Group_OF-32377_54227, Group_OF-32377_30253, Group_OF-32377_54224, Group_OF-32377_29250, Group_OF-32377_43578, Group_OF-32377_305, Group_OF-32377_43579, Group_OF-32377_42248, Group_OF-32377_42247, Group_OF-32377_31590, Group_OF-32377_6546, Group_OF-32377_6545, Group_OF-32377_31592, Group_OF-32377_30261, Group_OF-32377_7876, Group_OF-32377_5217, Group_OF-32377_7883, Group_OF-32377_7885, Group_OF-32377_54210, Group_OF-32377_30262, Group_OF-32377_54215, Group_OF-32377_5222, Group_OF-32377_30263, Group_OF-32377_55546, Group_OF-32377_30264, Group_OF-32377_31596, Group_OF-32377_54213, Group_OF-32377_5220, Group_OF-32377_43570, Group_OF-32377_55549, Group_OF-32377_42240, Group_OF-32377_44874, Group_OF-32377_315, Group_OF-32377_43546, Group_OF-32377_44870, Group_OF-32377_310, Group_OF-32377_42214, Group_OF-32377_311, Group_OF-32377_6558, Group_OF-32377_44878, Group_OF-32377_44879, Group_OF-32377_5230, Group_OF-32377_30233, Group_OF-32377_30234, Group_OF-32377_54201, Group_OF-32377_55531, Group_OF-32377_30235, Group_OF-32377_32898, Group_OF-32377_6565, Group_OF-32377_7890, Group_OF-32377_30230, Group_OF-32377_6562, Group_OF-32377_54203, Group_OF-32377_55539, Group_OF-32377_54206, Group_OF-32377_42221, Group_OF-32377_44888, Group_OF-32377_43550, Group_OF-32377_43551, Group_OF-32377_323, Group_OF-32377_43553, Group_OF-32377_5236, Group_OF-32377_42227, Group_OF-32377_329, Group_OF-32377_43559, Group_OF-32377_55520, Group_OF-32377_30247, Group_OF-32377_31571, Group_OF-32377_29268, Group_OF-32377_30242, Group_OF-32377_30243, Group_OF-32377_31573, Group_OF-32377_55528, Group_OF-32377_29262, Group_OF-32377_31579, Group_OF-32377_43524, Group_OF-32377_44855, Group_OF-32377_44851, Group_OF-32377_29219, Group_OF-32377_7823, Group_OF-32377_43528, Group_OF-32377_30213, Group_OF-32377_29210, Group_OF-32377_29215, Group_OF-32377_55511, Group_OF-32377_55517, Group_OF-32377_55515, Group_OF-32377_32878, Group_OF-32377_30216, Group_OF-32377_30218, Group_OF-32377_43532, Group_OF-32377_6509, Group_OF-32377_43534, Group_OF-32377_7839, Group_OF-32377_43530, Group_OF-32377_44861, Group_OF-32377_44862, Group_OF-32377_29209, Group_OF-32377_42206, Group_OF-32377_6506, Group_OF-32377_44868, Group_OF-32377_6505, Group_OF-32377_7834, Group_OF-32377_31554, Group_OF-32377_30224, Group_OF-32377_31556, Group_OF-32377_31555, Group_OF-32377_29205, Group_OF-32377_29202, Group_OF-32377_55501, Group_OF-32377_32889, Group_OF-32377_30227, Group_OF-32377_55509, Group_OF-32377_7846, Group_OF-32377_7849, Group_OF-32377_6516, Group_OF-32377_6515, Group_OF-32377_29233, Group_OF-32377_32851, Group_OF-32377_31523, Group_OF-32377_31522, Group_OF-32377_31525, Group_OF-32377_32856, Group_OF-32377_43514, Group_OF-32377_44845, Group_OF-32377_6528, Group_OF-32377_7854, Group_OF-32377_7856, Group_OF-32377_31534, Group_OF-32377_30208, Group_OF-32377_31536, Group_OF-32377_30206, Group_OF-32377_31537, Group_OF-32377_44810, Group_OF-32377_44813, Group_OF-32377_32831, Group_OF-32377_32838, Group_OF-32377_47088, Group_OF-32377_31508, Group_OF-32377_44823, Group_OF-32377_47090, Group_OF-32377_32845, Group_OF-32377_31515, Group_OF-32377_32846, Group_OF-32377_35082, Group_OF-32377_35080, Group_OF-32377_7808, Group_OF-32377_7803, Group_OF-32377_35089, Group_OF-32377_35087, Group_OF-32377_48391, Group_OF-32377_48390, Group_OF-32377_32816, Group_OF-32377_47066, Group_OF-32377_47064, Group_OF-32377_48395, Group_OF-32377_32811, Group_OF-32377_47062, Group_OF-32377_32813, Group_OF-32377_32819, Group_OF-32377_7814, Group_OF-32377_35099, Group_OF-32377_44808, Group_OF-32377_44801, Group_OF-32377_7811, Group_OF-32377_35095, Group_OF-32377_32820, Group_OF-32377_32827, Group_OF-32377_47076, Group_OF-32377_47074, Group_OF-32377_36390, Group_OF-32377_48379, Group_OF-32377_36397, Group_OF-32377_36395, Group_OF-32377_23072, Group_OF-32377_48370, Group_OF-32377_23074, Group_OF-32377_23075, Group_OF-32377_23077, Group_OF-32377_47046, Group_OF-32377_47047, Group_OF-32377_47043, Group_OF-32377_47059, Group_OF-32377_23060, Group_OF-32377_23061, Group_OF-32377_47050, Group_OF-32377_23062, Group_OF-32377_24393, Group_OF-32377_50694, Group_OF-32377_50696, Group_OF-32377_48388, Group_OF-32377_32804, Group_OF-32377_48383, Group_OF-32377_48359, Group_OF-32377_49689, Group_OF-32377_49688, Group_OF-32377_23097, Group_OF-32377_35048, Group_OF-32377_36378, Group_OF-32377_50684, Group_OF-32377_47024, Group_OF-32377_48353, Group_OF-32377_49683, Group_OF-32377_49681, Group_OF-32377_48369, Group_OF-32377_36385, Group_OF-32377_49690, Group_OF-32377_23088, Group_OF-32377_36389, Group_OF-32377_48366, Group_OF-32377_48364, Group_OF-32377_50678, Group_OF-32377_48365, Group_OF-32377_50677, Group_OF-32377_49694, Group_OF-32377_47032, Group_OF-32377_50679, Group_OF-32377_49692, Group_OF-32377_49691, Group_OF-32377_48339, Group_OF-32377_37682, Group_OF-32377_49669, Group_OF-32377_49668, Group_OF-32377_37685, Group_OF-32377_23035, Group_OF-32377_25698, Group_OF-32377_25697, Group_OF-32377_36354, Group_OF-32377_24369, Group_OF-32377_25699, Group_OF-32377_35020, Group_OF-32377_24361, Group_OF-32377_25695, Group_OF-32377_50662, Group_OF-32377_51993, Group_OF-32377_37687, Group_OF-32377_47002, Group_OF-32377_51998, Group_OF-32377_49662, Group_OF-32377_50666, Group_OF-32377_35035, Group_OF-32377_23026, Group_OF-32377_35032, Group_OF-32377_36361, Group_OF-32377_24350, Group_OF-32377_25680, Group_OF-32377_25682, Group_OF-32377_23022, Group_OF-32377_50652, Group_OF-32377_48342, Group_OF-32377_48343, Group_OF-32377_47010, Group_OF-32377_49670, Group_OF-32377_48317, Group_OF-32377_37660, Group_OF-32377_49648, Group_OF-32377_38992, Group_OF-32377_37662, Group_OF-32377_49646, Group_OF-32377_49645, Group_OF-32377_36333, Group_OF-32377_35001, Group_OF-32377_23059, Group_OF-32377_36339, Group_OF-32377_24383, Group_OF-32377_24385, Group_OF-32377_35003, Group_OF-32377_36334, Group_OF-32377_38996, Group_OF-32377_49643, Group_OF-32377_51973, Group_OF-32377_38998, Group_OF-32377_37668, Group_OF-32377_48310, Group_OF-32377_50644, Group_OF-32377_50647, Group_OF-32377_50649, Group_OF-32377_48326, Group_OF-32377_37673, Group_OF-32377_49656, Group_OF-32377_37675, Group_OF-32377_36343, Group_OF-32377_24372, Group_OF-32377_24373, Group_OF-32377_37676, Group_OF-32377_49653, Group_OF-32377_48320, Group_OF-32377_49652, Group_OF-32377_51965, Group_OF-32377_51964, Group_OF-32377_51967, Group_OF-32377_50638, Group_OF-32377_50637, Group_OF-32377_50618, Group_OF-32377_51948, Group_OF-32377_338, Group_OF-32377_50619, Group_OF-32377_331, Group_OF-32377_37640, Group_OF-32377_26985, Group_OF-32377_26989, Group_OF-32377_25659, Group_OF-32377_51950, Group_OF-32377_38974, Group_OF-32377_49621, Group_OF-32377_51951, Group_OF-32377_38977, Group_OF-32377_346, Group_OF-32377_347, Group_OF-32377_48309, Group_OF-32377_51937, Group_OF-32377_348, Group_OF-32377_38980, Group_OF-32377_49637, Group_OF-32377_50608, Group_OF-32377_38981, Group_OF-32377_14991, Group_OF-32377_36322, Group_OF-32377_26973, Group_OF-32377_36320, Group_OF-32377_25647, Group_OF-32377_25646, Group_OF-32377_26979, Group_OF-32377_36326, Group_OF-32377_25641, Group_OF-32377_14996, Group_OF-32377_38986, Group_OF-32377_38987, Group_OF-32377_50612, Group_OF-32377_51943, Group_OF-32377_14995, Group_OF-32377_50611, Group_OF-32377_38989, Group_OF-32377_50614, Group_OF-32377_358, Group_OF-32377_24347, Group_OF-32377_23018, Group_OF-32377_24341, Group_OF-32377_24342, Group_OF-32377_38954, Group_OF-32377_38958, Group_OF-32377_51935, Group_OF-32377_49618, Group_OF-32377_51915, Group_OF-32377_49615, Group_OF-32377_49614, Group_OF-32377_49611, Group_OF-32377_25665, Group_OF-32377_25664, Group_OF-32377_23005, Group_OF-32377_54196, Group_OF-32377_54194, Group_OF-32377_36308, Group_OF-32377_36307, Group_OF-32377_26990, Group_OF-32377_26992, Group_OF-32377_23000, Group_OF-32377_24331, Group_OF-32377_26993, Group_OF-32377_51904, Group_OF-32377_42197, Group_OF-32377_26943, Group_OF-32377_25611, Group_OF-32377_26942, Group_OF-32377_26946, Group_OF-32377_5296, Group_OF-32377_5293, Group_OF-32377_371, Group_OF-32377_14964, Group_OF-32377_51912, Group_OF-32377_5291, Group_OF-32377_14968, Group_OF-32377_37605, Group_OF-32377_42193, Group_OF-32377_25606, Group_OF-32377_26931, Group_OF-32377_25603, Group_OF-32377_54172, Group_OF-32377_14958, Group_OF-32377_54176, Group_OF-32377_54177, Group_OF-32377_14952, Group_OF-32377_37610, Group_OF-32377_384, Group_OF-32377_38947, Group_OF-32377_42175, Group_OF-32377_14981, Group_OF-32377_42179, Group_OF-32377_25632, Group_OF-32377_30192, Group_OF-32377_26962, Group_OF-32377_30193, Group_OF-32377_24302, Group_OF-32377_30194, Group_OF-32377_24303, Group_OF-32377_25635, Group_OF-32377_25638, Group_OF-32377_30191, Group_OF-32377_55497, Group_OF-32377_38919, Group_OF-32377_55496, Group_OF-32377_14985, Group_OF-32377_396, Group_OF-32377_391, Group_OF-32377_25629, Group_OF-32377_42189, Group_OF-32377_42188, Group_OF-32377_42186, Group_OF-32377_26952, Group_OF-32377_26953, Group_OF-32377_26956, Group_OF-32377_54152, Group_OF-32377_55483, Group_OF-32377_25627, Group_OF-32377_26958, Group_OF-32377_25626, Group_OF-32377_26957, Group_OF-32377_14973, Group_OF-32377_14978, Group_OF-32377_14979, Group_OF-32377_42159, Group_OF-32377_43486, Group_OF-32377_4039, Group_OF-32377_5369, Group_OF-32377_5368, Group_OF-32377_6699, Group_OF-32377_4037, Group_OF-32377_55472, Group_OF-32377_26903, Group_OF-32377_30178, Group_OF-32377_30179, Group_OF-32377_54146, Group_OF-32377_55476, Group_OF-32377_55474, Group_OF-32377_30174, Group_OF-32377_4043, Group_OF-32377_30177, Group_OF-32377_54148, Group_OF-32377_42166, Group_OF-32377_43495, Group_OF-32377_54130, Group_OF-32377_55462, Group_OF-32377_54131, Group_OF-32377_30189, Group_OF-32377_14917, Group_OF-32377_5382, Group_OF-32377_54133, Group_OF-32377_54138, Group_OF-32377_4057, Group_OF-32377_55469, Group_OF-32377_5385, Group_OF-32377_54137, Group_OF-32377_29160, Group_OF-32377_43493, Group_OF-32377_29164, Group_OF-32377_14910, Group_OF-32377_43462, Group_OF-32377_44794, Group_OF-32377_31480, Group_OF-32377_26925, Group_OF-32377_5395, Group_OF-32377_4064, Group_OF-32377_30157, Group_OF-32377_54124, Group_OF-32377_14948, Group_OF-32377_29199, Group_OF-32377_55452, Group_OF-32377_5398, Group_OF-32377_44790, Group_OF-32377_54129, Group_OF-32377_5390, Group_OF-32377_29197, Group_OF-32377_29195, Group_OF-32377_402, Group_OF-32377_404, Group_OF-32377_43476, Group_OF-32377_30160, Group_OF-32377_31490, Group_OF-32377_26913, Group_OF-32377_54111, Group_OF-32377_54117, Group_OF-32377_55447, Group_OF-32377_31497, Group_OF-32377_29184, Group_OF-32377_412, Group_OF-32377_43447, Group_OF-32377_42116, Group_OF-32377_42113, Group_OF-32377_43443, Group_OF-32377_6657, Group_OF-32377_5325, Group_OF-32377_7985, Group_OF-32377_44779, Group_OF-32377_7992, Group_OF-32377_7993, Group_OF-32377_30135, Group_OF-32377_32799, Group_OF-32377_7995, Group_OF-32377_31467, Group_OF-32377_5333, Group_OF-32377_29138, Group_OF-32377_54105, Group_OF-32377_5332, Group_OF-32377_6663, Group_OF-32377_32794, Group_OF-32377_54104, Group_OF-32377_54107, Group_OF-32377_55439, Group_OF-32377_421, Group_OF-32377_42125, Group_OF-32377_44784, Group_OF-32377_5337, Group_OF-32377_6668, Group_OF-32377_5336, Group_OF-32377_6666, Group_OF-32377_6665, Group_OF-32377_31470, Group_OF-32377_7997, Group_OF-32377_429, Group_OF-32377_7999, Group_OF-32377_5340, Group_OF-32377_5342, Group_OF-32377_6673, Group_OF-32377_4011, Group_OF-32377_55427, Group_OF-32377_44754, Group_OF-32377_433, Group_OF-32377_6679, Group_OF-32377_4014, Group_OF-32377_5346, Group_OF-32377_439, Group_OF-32377_43428, Group_OF-32377_14905, Group_OF-32377_31444, Group_OF-32377_29157, Group_OF-32377_32774, Group_OF-32377_6680, Group_OF-32377_29155, Group_OF-32377_32776, Group_OF-32377_4024, Group_OF-32377_6685, Group_OF-32377_4021, Group_OF-32377_31442, Group_OF-32377_5352, Group_OF-32377_6683, Group_OF-32377_14908, Group_OF-32377_30111, Group_OF-32377_31448, Group_OF-32377_30118, Group_OF-32377_42100, Group_OF-32377_43436, Group_OF-32377_44767, Group_OF-32377_42104, Group_OF-32377_44762, Group_OF-32377_42109, Group_OF-32377_5358, Group_OF-32377_4026, Group_OF-32377_43439, Group_OF-32377_5362, Group_OF-32377_31451, Group_OF-32377_32782, Group_OF-32377_4035, Group_OF-32377_32781, Group_OF-32377_5364, Group_OF-32377_6695, Group_OF-32377_6694, Group_OF-32377_31452, Group_OF-32377_29141, Group_OF-32377_30128, Group_OF-32377_44731, Group_OF-32377_43401, Group_OF-32377_43409, Group_OF-32377_44735, Group_OF-32377_7943, Group_OF-32377_43407, Group_OF-32377_31422, Group_OF-32377_32754, Group_OF-32377_32750, Group_OF-32377_31429, Group_OF-32377_31425, Group_OF-32377_44742, Group_OF-32377_7959, Group_OF-32377_7960, Group_OF-32377_7961, Group_OF-32377_31435, Group_OF-32377_31436, Group_OF-32377_7968, Group_OF-32377_6632, Group_OF-32377_6638, Group_OF-32377_5306, Group_OF-32377_44715, Group_OF-32377_5305, Group_OF-32377_31402, Group_OF-32377_31401, Group_OF-32377_29116, Group_OF-32377_31403, Group_OF-32377_29109, Group_OF-32377_6645, Group_OF-32377_5312, Group_OF-32377_5318, Group_OF-32377_7975, Group_OF-32377_44727, Group_OF-32377_7981, Group_OF-32377_7982, Group_OF-32377_32741, Group_OF-32377_6652, Group_OF-32377_5320, Group_OF-32377_32740, Group_OF-32377_6650, Group_OF-32377_32747, Group_OF-32377_7906, Group_OF-32377_48293, Group_OF-32377_48290, Group_OF-32377_32716, Group_OF-32377_48294, Group_OF-32377_7917, Group_OF-32377_44702, Group_OF-32377_32721, Group_OF-32377_32727, Group_OF-32377_7928, Group_OF-32377_7929, Group_OF-32377_7924, Group_OF-32377_48276, Group_OF-32377_48275, Group_OF-32377_6601, Group_OF-32377_6606, Group_OF-32377_34091, Group_OF-32377_34090, Group_OF-32377_34099, Group_OF-32377_43804, Group_OF-32377_34097, Group_OF-32377_43800, Group_OF-32377_43802, Group_OF-32377_31820, Group_OF-32377_2780, Group_OF-32377_2781, Group_OF-32377_1450, Group_OF-32377_46077, Group_OF-32377_31827, Group_OF-32377_43815, Group_OF-32377_1455, Group_OF-32377_1458, Group_OF-32377_2786, Group_OF-32377_46082, Group_OF-32377_46081, Group_OF-32377_30505, Group_OF-32377_46088, Group_OF-32377_34077, Group_OF-32377_29517, Group_OF-32377_29515, Group_OF-32377_1469, Group_OF-32377_1470, Group_OF-32377_34079, Group_OF-32377_1471, Group_OF-32377_46055, Group_OF-32377_31806, Group_OF-32377_46057, Group_OF-32377_47385, Group_OF-32377_46069, Group_OF-32377_31809, Group_OF-32377_34088, Group_OF-32377_29506, Group_OF-32377_1476, Group_OF-32377_29509, Group_OF-32377_29507, Group_OF-32377_29502, Group_OF-32377_47398, Group_OF-32377_31817, Group_OF-32377_31816, Group_OF-32377_46062, Group_OF-32377_31810, Group_OF-32377_47393, Group_OF-32377_47367, Group_OF-32377_2730, Group_OF-32377_34054, Group_OF-32377_2731, Group_OF-32377_23396, Group_OF-32377_23397, Group_OF-32377_46035, Group_OF-32377_48693, Group_OF-32377_2748, Group_OF-32377_1415, Group_OF-32377_1419, Group_OF-32377_34062, Group_OF-32377_34063, Group_OF-32377_35393, Group_OF-32377_23385, Group_OF-32377_47376, Group_OF-32377_46045, Group_OF-32377_47370, Group_OF-32377_2759, Group_OF-32377_47345, Group_OF-32377_47346, Group_OF-32377_35365, Group_OF-32377_35364, Group_OF-32377_36694, Group_OF-32377_36693, Group_OF-32377_36691, Group_OF-32377_36690, Group_OF-32377_34038, Group_OF-32377_46011, Group_OF-32377_46013, Group_OF-32377_48670, Group_OF-32377_1437, Group_OF-32377_1439, Group_OF-32377_46026, Group_OF-32377_48688, Group_OF-32377_2762, Group_OF-32377_2766, Group_OF-32377_1436, Group_OF-32377_1435, Group_OF-32377_50992, Group_OF-32377_47352, Group_OF-32377_47351, Group_OF-32377_34012, Group_OF-32377_24687, Group_OF-32377_35341, Group_OF-32377_24689, Group_OF-32377_36670, Group_OF-32377_23359, Group_OF-32377_50980, Group_OF-32377_24682, Group_OF-32377_50981, Group_OF-32377_50983, Group_OF-32377_47320, Group_OF-32377_49981, Group_OF-32377_50988, Group_OF-32377_2702, Group_OF-32377_2708, Group_OF-32377_46004, Group_OF-32377_48665, Group_OF-32377_49997, Group_OF-32377_34022, Group_OF-32377_35354, Group_OF-32377_36684, Group_OF-32377_36682, Group_OF-32377_34029, Group_OF-32377_35357, Group_OF-32377_36688, Group_OF-32377_24672, Group_OF-32377_34025, Group_OF-32377_49995, Group_OF-32377_48661, Group_OF-32377_48662, Group_OF-32377_49991, Group_OF-32377_48660, Group_OF-32377_47307, Group_OF-32377_2713, Group_OF-32377_2714, Group_OF-32377_2719, Group_OF-32377_37980, Group_OF-32377_37981, Group_OF-32377_48635, Group_OF-32377_49965, Group_OF-32377_47301, Group_OF-32377_37983, Group_OF-32377_49963, Group_OF-32377_2712, Group_OF-32377_47309, Group_OF-32377_35329, Group_OF-32377_35327, Group_OF-32377_35325, Group_OF-32377_36655, Group_OF-32377_47300, Group_OF-32377_37987, Group_OF-32377_50963, Group_OF-32377_50965, Group_OF-32377_50967, Group_OF-32377_50948, Group_OF-32377_47319, Group_OF-32377_48647, Group_OF-32377_37991, Group_OF-32377_37992, Group_OF-32377_49976, Group_OF-32377_37993, Group_OF-32377_23365, Group_OF-32377_24699, Group_OF-32377_35339, Group_OF-32377_34004, Group_OF-32377_49973, Group_OF-32377_48642, Group_OF-32377_50954, Group_OF-32377_23318, Group_OF-32377_48616, Group_OF-32377_48615, Group_OF-32377_49944, Group_OF-32377_48613, Group_OF-32377_49943, Group_OF-32377_49942, Group_OF-32377_23310, Group_OF-32377_25973, Group_OF-32377_24642, Group_OF-32377_25975, Group_OF-32377_23313, Group_OF-32377_23316, Group_OF-32377_24648, Group_OF-32377_48619, Group_OF-32377_35307, Group_OF-32377_36638, Group_OF-32377_35306, Group_OF-32377_6261, Group_OF-32377_7599, Group_OF-32377_36635, Group_OF-32377_6266, Group_OF-32377_36631, Group_OF-32377_37962, Group_OF-32377_37966, Group_OF-32377_37968, Group_OF-32377_36639, Group_OF-32377_23307, Group_OF-32377_24639, Group_OF-32377_48625, Group_OF-32377_50927, Group_OF-32377_48622, Group_OF-32377_36641, Group_OF-32377_24632, Group_OF-32377_23302, Group_OF-32377_25963, Group_OF-32377_24634, Group_OF-32377_36648, Group_OF-32377_35314, Group_OF-32377_36644, Group_OF-32377_25960, Group_OF-32377_6271, Group_OF-32377_50916, Group_OF-32377_53191, Group_OF-32377_25997, Group_OF-32377_24666, Group_OF-32377_53195, Group_OF-32377_49928, Group_OF-32377_49927, Group_OF-32377_36615, Group_OF-32377_6283, Group_OF-32377_25991, Group_OF-32377_36612, Group_OF-32377_37947, Group_OF-32377_48605, Group_OF-32377_50904, Group_OF-32377_49935, Group_OF-32377_48602, Group_OF-32377_49932, Group_OF-32377_50907, Group_OF-32377_48600, Group_OF-32377_53180, Group_OF-32377_23326, Group_OF-32377_25987, Group_OF-32377_6297, Group_OF-32377_6295, Group_OF-32377_53186, Group_OF-32377_36624, Group_OF-32377_36622, Group_OF-32377_37953, Group_OF-32377_50911, Group_OF-32377_6290, Group_OF-32377_37958, Group_OF-32377_25937, Group_OF-32377_49902, Group_OF-32377_49900, Group_OF-32377_5007, Group_OF-32377_5005, Group_OF-32377_6335, Group_OF-32377_7666, Group_OF-32377_24601, Group_OF-32377_24602, Group_OF-32377_6339, Group_OF-32377_25934, Group_OF-32377_53172, Group_OF-32377_7673, Group_OF-32377_7674, Group_OF-32377_37929, Group_OF-32377_5012, Group_OF-32377_6343, Group_OF-32377_53179, Group_OF-32377_6342, Group_OF-32377_37921, Group_OF-32377_41182, Group_OF-32377_25925, Group_OF-32377_41197, Group_OF-32377_41196, Group_OF-32377_49912, Group_OF-32377_5016, Group_OF-32377_25922, Group_OF-32377_49919, Group_OF-32377_25921, Group_OF-32377_53161, Group_OF-32377_37937, Group_OF-32377_53166, Group_OF-32377_6351, Group_OF-32377_53167, Group_OF-32377_7686, Group_OF-32377_6356, Group_OF-32377_6355, Group_OF-32377_7681, Group_OF-32377_53168, Group_OF-32377_6353, Group_OF-32377_28190, Group_OF-32377_36607, Group_OF-32377_36606, Group_OF-32377_41166, Group_OF-32377_42497, Group_OF-32377_25953, Group_OF-32377_24622, Group_OF-32377_25955, Group_OF-32377_54482, Group_OF-32377_54483, Group_OF-32377_25956, Group_OF-32377_54481, Group_OF-32377_7695, Group_OF-32377_6361, Group_OF-32377_7697, Group_OF-32377_7698, Group_OF-32377_54485, Group_OF-32377_53159, Group_OF-32377_6366, Group_OF-32377_6364, Group_OF-32377_37900, Group_OF-32377_6368, Group_OF-32377_53140, Group_OF-32377_24613, Group_OF-32377_53141, Group_OF-32377_24614, Group_OF-32377_25945, Group_OF-32377_5041, Group_OF-32377_6372, Group_OF-32377_53142, Group_OF-32377_6378, Group_OF-32377_6377, Group_OF-32377_5045, Group_OF-32377_37914, Group_OF-32377_41148, Group_OF-32377_42478, Group_OF-32377_8957, Group_OF-32377_8958, Group_OF-32377_7628, Group_OF-32377_8953, Group_OF-32377_54460, Group_OF-32377_8954, Group_OF-32377_53130, Group_OF-32377_8960, Group_OF-32377_54464, Group_OF-32377_29498, Group_OF-32377_28167, Group_OF-32377_53134, Group_OF-32377_8963, Group_OF-32377_28165, Group_OF-32377_28168, Group_OF-32377_29499, Group_OF-32377_53136, Group_OF-32377_29494, Group_OF-32377_29491, Group_OF-32377_42488, Group_OF-32377_8968, Group_OF-32377_6302, Group_OF-32377_7634, Group_OF-32377_54450, Group_OF-32377_53123, Group_OF-32377_55782, Group_OF-32377_6311, Group_OF-32377_8970, Group_OF-32377_55786, Group_OF-32377_41150, Group_OF-32377_42481, Group_OF-32377_28150, Group_OF-32377_25917, Group_OF-32377_41120, Group_OF-32377_43782, Group_OF-32377_41124, Group_OF-32377_42454, Group_OF-32377_8979, Group_OF-32377_6319, Group_OF-32377_8976, Group_OF-32377_8977, Group_OF-32377_55774, Group_OF-32377_55772, Group_OF-32377_30478, Group_OF-32377_6321, Group_OF-32377_53118, Group_OF-32377_54449, Group_OF-32377_28184, Group_OF-32377_30479, Group_OF-32377_28185, Group_OF-32377_28182, Group_OF-32377_42464, Group_OF-32377_42463, Group_OF-32377_42462, Group_OF-32377_25905, Group_OF-32377_43794, Group_OF-32377_42465, Group_OF-32377_8987, Group_OF-32377_25901, Group_OF-32377_28178, Group_OF-32377_55762, Group_OF-32377_7664, Group_OF-32377_30488, Group_OF-32377_8990, Group_OF-32377_54436, Group_OF-32377_55766, Group_OF-32377_5000, Group_OF-32377_53103, Group_OF-32377_54437, Group_OF-32377_41100, Group_OF-32377_41102, Group_OF-32377_43761, Group_OF-32377_8912, Group_OF-32377_28120, Group_OF-32377_31787, Group_OF-32377_31786, Group_OF-32377_29458, Group_OF-32377_31780, Group_OF-32377_54422, Group_OF-32377_55758, Group_OF-32377_55757, Group_OF-32377_30457, Group_OF-32377_29450, Group_OF-32377_30458, Group_OF-32377_43774, Group_OF-32377_41110, Group_OF-32377_41114, Group_OF-32377_31790, Group_OF-32377_41116, Group_OF-32377_54410, Group_OF-32377_31794, Group_OF-32377_28114, Group_OF-32377_54417, Group_OF-32377_54418, Group_OF-32377_55748, Group_OF-32377_43744, Group_OF-32377_8939, Group_OF-32377_8937, Test_Adsync_group, Group_OF-32377_43748, Group_OF-32377_31763, Group_OF-32377_28145, Group_OF-32377_30432, Group_OF-32377_31762, Group_OF-32377_29474, Group_OF-32377_28149, Group_OF-32377_54403, Group_OF-32377_28146, Group_OF-32377_55732, Group_OF-32377_54407, Group_OF-32377_54405, Group_OF-32377_30437, Group_OF-32377_54408, Group_OF-32377_54409, Group_OF-32377_43752, Group_OF-32377_43755, Group_OF-32377_42423, Group_OF-32377_7616, Group_OF-32377_8948, Group_OF-32377_8943, Group_OF-32377_8945, Group_OF-32377_29464, Group_OF-32377_29462, Group_OF-32377_28137, Group_OF-32377_29466, Group_OF-32377_55725, Group_OF-32377_31777, Group_OF-32377_55729, Group_OF-32377_31779, Group_OF-32377_1484, Group_OF-32377_43729, Group_OF-32377_1488, Group_OF-32377_30410, Group_OF-32377_1490, Group_OF-32377_31742, Group_OF-32377_29414, Group_OF-32377_55710, Group_OF-32377_31748, Group_OF-32377_30419, Group_OF-32377_29405, Group_OF-32377_1499, Group_OF-32377_29409, Group_OF-32377_42407, Group_OF-32377_30420, Group_OF-32377_55701, Group_OF-32377_30428, Group_OF-32377_55703, Group_OF-32377_30426, Group_OF-32377_31758, Group_OF-32377_30427, Group_OF-32377_31757, Group_OF-32377_43700, Group_OF-32377_31719, Group_OF-32377_43707, Group_OF-32377_29438, Group_OF-32377_43702, Group_OF-32377_28100, Group_OF-32377_29430, Group_OF-32377_28105, Group_OF-32377_31724, Group_OF-32377_8908, Group_OF-32377_43717, Group_OF-32377_43719, Group_OF-32377_43713, Group_OF-32377_29425, Group_OF-32377_29422, Group_OF-32377_31738, Group_OF-32377_31737, Group_OF-32377_30402, Group_OF-32377_1566, Group_OF-32377_47280, Group_OF-32377_31706, Group_OF-32377_47287, Group_OF-32377_31701, Group_OF-32377_189, Group_OF-32377_1572, Group_OF-32377_1576, Group_OF-32377_47297, Group_OF-32377_187, Group_OF-32377_31717, Group_OF-32377_181, Group_OF-32377_35280, Group_OF-32377_48599, Group_OF-32377_1586, Group_OF-32377_35281, Group_OF-32377_1591, Group_OF-32377_195, Group_OF-32377_197, Group_OF-32377_191, Group_OF-32377_48593, Group_OF-32377_194, Group_OF-32377_1595, Group_OF-32377_35299, Group_OF-32377_1597, Group_OF-32377_35296, Group_OF-32377_35292, Group_OF-32377_47270, Group_OF-32377_1526, Group_OF-32377_1525, Group_OF-32377_1528, Group_OF-32377_48579, Group_OF-32377_48578, Group_OF-32377_2850, Group_OF-32377_36596, Group_OF-32377_23273, Group_OF-32377_23276, Group_OF-32377_1537, Group_OF-32377_2868, Group_OF-32377_23266, Group_OF-32377_35274, Group_OF-32377_35270, Group_OF-32377_50890, Group_OF-32377_23262, Group_OF-32377_50892, Group_OF-32377_23264, Group_OF-32377_24595, Group_OF-32377_50894, Group_OF-32377_24596, Group_OF-32377_47255, Group_OF-32377_47256, Group_OF-32377_48584, Group_OF-32377_47251, Group_OF-32377_47252, Group_OF-32377_48580, Group_OF-32377_47224, Group_OF-32377_2870, Group_OF-32377_1541, Group_OF-32377_2871, Group_OF-32377_36579, Group_OF-32377_50881, Group_OF-32377_2880, Group_OF-32377_36578, Group_OF-32377_50883, Group_OF-32377_35245, Group_OF-32377_36576, Group_OF-32377_49884, Group_OF-32377_48552, Group_OF-32377_49882, Group_OF-32377_50886, Group_OF-32377_23290, Group_OF-32377_1559, Group_OF-32377_49899, Group_OF-32377_47235, Group_OF-32377_2884, Group_OF-32377_1554, Group_OF-32377_2888, Group_OF-32377_36581, Group_OF-32377_23282, Group_OF-32377_35258, Group_OF-32377_36589, Group_OF-32377_1560, Group_OF-32377_23287, Group_OF-32377_35256, Group_OF-32377_47233, Group_OF-32377_50874, Group_OF-32377_48565, Group_OF-32377_47232, Group_OF-32377_48561, Group_OF-32377_48539, Group_OF-32377_50859, Group_OF-32377_48537, Group_OF-32377_2813, Group_OF-32377_48538, Group_OF-32377_47204, Group_OF-32377_2816, Group_OF-32377_37883, Group_OF-32377_49864, Group_OF-32377_36552, Group_OF-32377_36551, Group_OF-32377_5098, Group_OF-32377_36559, Group_OF-32377_5095, Group_OF-32377_35227, Group_OF-32377_24560, Group_OF-32377_25892, Group_OF-32377_35226, Group_OF-32377_23231, Group_OF-32377_24562, Group_OF-32377_23232, Group_OF-32377_47201, Group_OF-32377_49861, Group_OF-32377_50865, Group_OF-32377_37888, Group_OF-32377_49860, Group_OF-32377_50867, Group_OF-32377_50869, Group_OF-32377_37890, Group_OF-32377_37892, Group_OF-32377_47215, Group_OF-32377_37893, Group_OF-32377_48545, Group_OF-32377_25884, Group_OF-32377_25889, Group_OF-32377_23228, Group_OF-32377_24559, Group_OF-32377_25883, Group_OF-32377_37896, Group_OF-32377_47211, Group_OF-32377_48540, Group_OF-32377_47210, Group_OF-32377_49871, Group_OF-32377_50857, Group_OF-32377_2837, Group_OF-32377_48515, Group_OF-32377_49847, Group_OF-32377_49846, Group_OF-32377_48511, Group_OF-32377_24589, Group_OF-32377_2833, Group_OF-32377_36537, Group_OF-32377_23253, Group_OF-32377_35202, Group_OF-32377_36532, Group_OF-32377_37863, Group_OF-32377_48510, Group_OF-32377_50840, Group_OF-32377_50844, Group_OF-32377_50847, Group_OF-32377_50846, Group_OF-32377_2848, Group_OF-32377_48529, Group_OF-32377_49858, Group_OF-32377_48524, Group_OF-32377_1518, Group_OF-32377_2849, Group_OF-32377_49853, Group_OF-32377_23245, Group_OF-32377_36541, Group_OF-32377_24577, Group_OF-32377_23249, Group_OF-32377_35219, Group_OF-32377_35218, Group_OF-32377_35217, Group_OF-32377_35212, Group_OF-32377_48520, Group_OF-32377_50832, Group_OF-32377_50834, Group_OF-32377_50833, Group_OF-32377_50835, Group_OF-32377_24528, Group_OF-32377_49824, Group_OF-32377_53095, Group_OF-32377_37849, Group_OF-32377_6384, Group_OF-32377_36514, Group_OF-32377_25850, Group_OF-32377_36510, Group_OF-32377_6381, Group_OF-32377_37846, Group_OF-32377_36518, Group_OF-32377_24517, Group_OF-32377_50805, Group_OF-32377_24518, Group_OF-32377_48504, Group_OF-32377_50809, Group_OF-32377_146, Group_OF-32377_25840, Group_OF-32377_5059, Group_OF-32377_25844, Group_OF-32377_48508, Group_OF-32377_53083, Group_OF-32377_36528, Group_OF-32377_53089, Group_OF-32377_36527, Group_OF-32377_53087, Group_OF-32377_5062, Group_OF-32377_36525, Group_OF-32377_6399, Group_OF-32377_37853, Group_OF-32377_5061, Group_OF-32377_50814, Group_OF-32377_37859, Group_OF-32377_41089, Group_OF-32377_49805, Group_OF-32377_41088, Group_OF-32377_155, Group_OF-32377_24542, Group_OF-32377_25877, Group_OF-32377_23217, Group_OF-32377_24548, Group_OF-32377_53072, Group_OF-32377_53078, Group_OF-32377_37821, Group_OF-32377_50801, Group_OF-32377_50800, Group_OF-32377_50802, Group_OF-32377_24539, Group_OF-32377_49814, Group_OF-32377_41097, Group_OF-32377_166, Group_OF-32377_2806, Group_OF-32377_24531, Group_OF-32377_24532, Group_OF-32377_25865, Group_OF-32377_25864, Group_OF-32377_53063, Group_OF-32377_24536, Group_OF-32377_25866, Group_OF-32377_23206, Group_OF-32377_49817, Group_OF-32377_5086, Group_OF-32377_37839, Group_OF-32377_53065, Group_OF-32377_36500, Group_OF-32377_24530, Group_OF-32377_41091, Group_OF-32377_164, Group_OF-32377_37832, Group_OF-32377_41090, Group_OF-32377_37835, Group_OF-32377_36508, Group_OF-32377_42397, Group_OF-32377_41065, Group_OF-32377_41064, Group_OF-32377_41068, Group_OF-32377_5128, Group_OF-32377_25813, Group_OF-32377_53057, Group_OF-32377_54388, Group_OF-32377_28087, Group_OF-32377_53055, Group_OF-32377_54386, Group_OF-32377_7790, Group_OF-32377_5134, Group_OF-32377_53058, Group_OF-32377_54389, Group_OF-32377_7793, Group_OF-32377_53059, Group_OF-32377_28080, Group_OF-32377_37803, Group_OF-32377_42392, Group_OF-32377_28084, Group_OF-32377_37804, Group_OF-32377_41075, Group_OF-32377_25809, Group_OF-32377_6469, Group_OF-32377_25803, Group_OF-32377_25802, Group_OF-32377_37817, Group_OF-32377_54377, Group_OF-32377_5143, Group_OF-32377_37810, Group_OF-32377_42376, Group_OF-32377_24508, Group_OF-32377_41043, Group_OF-32377_42378, Group_OF-32377_41046, Group_OF-32377_30390, Group_OF-32377_24500, Group_OF-32377_30392, Group_OF-32377_5155, Group_OF-32377_30396, Group_OF-32377_30397, Group_OF-32377_53037, Group_OF-32377_55698, Group_OF-32377_6480, Group_OF-32377_42387, Group_OF-32377_25826, Group_OF-32377_41053, Group_OF-32377_41058, Group_OF-32377_25823, Group_OF-32377_25822, Group_OF-32377_54351, Group_OF-32377_55680, Group_OF-32377_25824, Group_OF-32377_6495, Group_OF-32377_53023, Group_OF-32377_6494, Group_OF-32377_55684, Group_OF-32377_28090, Group_OF-32377_53029, Group_OF-32377_5160, Group_OF-32377_6491, Group_OF-32377_42382, Group_OF-32377_28095, Group_OF-32377_42380, Group_OF-32377_41022, Group_OF-32377_43687, Group_OF-32377_43682, Group_OF-32377_42357, Group_OF-32377_41025, Group_OF-32377_41024, Group_OF-32377_7747, Group_OF-32377_6414, Group_OF-32377_55671, Group_OF-32377_55670, Group_OF-32377_7745, Group_OF-32377_7750, Group_OF-32377_29376, Group_OF-32377_55674, Group_OF-32377_55672, Group_OF-32377_53016, Group_OF-32377_55678, Group_OF-32377_30374, Group_OF-32377_53014, Group_OF-32377_28048, Group_OF-32377_53015, Group_OF-32377_30375, Group_OF-32377_53019, Group_OF-32377_28041, Group_OF-32377_29373, Group_OF-32377_41037, Group_OF-32377_43696, Group_OF-32377_41039, Group_OF-32377_7757, Group_OF-32377_7761, Group_OF-32377_30387, Group_OF-32377_7762, Group_OF-32377_30389, Group_OF-32377_28033, Group_OF-32377_30383, Group_OF-32377_28036, Group_OF-32377_29367, Group_OF-32377_54334, Group_OF-32377_54335, Group_OF-32377_43690, Group_OF-32377_43692, Group_OF-32377_54339, Group_OF-32377_42331, Group_OF-32377_44998, Group_OF-32377_41005, Group_OF-32377_42336, Group_OF-32377_44991, Group_OF-32377_42333, Group_OF-32377_6436, Group_OF-32377_42339, Group_OF-32377_5104, Group_OF-32377_31680, Group_OF-32377_5108, Group_OF-32377_30354, Group_OF-32377_31686, Group_OF-32377_55653, Group_OF-32377_31685, Group_OF-32377_55652, Group_OF-32377_30356, Group_OF-32377_31687, Group_OF-32377_6444, Group_OF-32377_30350, Group_OF-32377_29390, Group_OF-32377_29391, Group_OF-32377_55659, Group_OF-32377_41012, Group_OF-32377_41014, Group_OF-32377_43673, Group_OF-32377_42344, Group_OF-32377_43674, Group_OF-32377_31691, Group_OF-32377_42348, Group_OF-32377_43679, Group_OF-32377_209, Group_OF-32377_5119, Group_OF-32377_6451, Group_OF-32377_5124, Group_OF-32377_6454, Group_OF-32377_54315, Group_OF-32377_6453, Group_OF-32377_28058, Group_OF-32377_29389, Group_OF-32377_54312, Group_OF-32377_28052, Group_OF-32377_28053, Group_OF-32377_43645, Group_OF-32377_42312, Group_OF-32377_42311, Group_OF-32377_44972, Group_OF-32377_7703, Group_OF-32377_42318, Group_OF-32377_28007, Group_OF-32377_42315, Group_OF-32377_44977, Group_OF-32377_7701, Group_OF-32377_42319, Group_OF-32377_28001, Group_OF-32377_30332, Group_OF-32377_32994, Group_OF-32377_54300, Group_OF-32377_29334, Group_OF-32377_31662, Group_OF-32377_55633, Group_OF-32377_55639, Group_OF-32377_55638, Group_OF-32377_32998, Group_OF-32377_54309, Group_OF-32377_42320, Group_OF-32377_44986, Group_OF-32377_44980, Group_OF-32377_43650, Group_OF-32377_42323, Group_OF-32377_29329, Group_OF-32377_43658, Group_OF-32377_30343, Group_OF-32377_30344, Group_OF-32377_31674, Group_OF-32377_31673, Group_OF-32377_55622, Group_OF-32377_55621, Group_OF-32377_30347, Group_OF-32377_44952, Group_OF-32377_43623, Group_OF-32377_43624, Group_OF-32377_7724, Group_OF-32377_28021, Group_OF-32377_30312, Group_OF-32377_28026, Group_OF-32377_55610, Group_OF-32377_55619, Group_OF-32377_32978, Group_OF-32377_43634, Group_OF-32377_42301, Group_OF-32377_43639, Group_OF-32377_42306, Group_OF-32377_44966, Group_OF-32377_43638, Group_OF-32377_30321, Group_OF-32377_29343, Group_OF-32377_7741, Group_OF-32377_31651, Group_OF-32377_32982, Group_OF-32377_55603, Group_OF-32377_31658, Group_OF-32377_55607, Group_OF-32377_44938, Group_OF-32377_43608, Group_OF-32377_43602, Group_OF-32377_43604, Group_OF-32377_44935, Group_OF-32377_43605, Group_OF-32377_31621, Group_OF-32377_31627, Group_OF-32377_32954, Group_OF-32377_43610, Group_OF-32377_44942, Group_OF-32377_44949, Group_OF-32377_44944, Group_OF-32377_32961, Group_OF-32377_31633, Group_OF-32377_31632, Group_OF-32377_32963, Group_OF-32377_31635, Group_OF-32377_31637, Group_OF-32377_32968, Group_OF-32377_44910, Group_OF-32377_32929, Group_OF-32377_44917, Group_OF-32377_47182, Group_OF-32377_32930, Group_OF-32377_29314, Group_OF-32377_29312, Group_OF-32377_32936, Group_OF-32377_32939, Group_OF-32377_32933, Group_OF-32377_29307, Group_OF-32377_29305, Group_OF-32377_29309, Group_OF-32377_47193, Group_OF-32377_31611, Group_OF-32377_47191, Group_OF-32377_32947, Group_OF-32377_31618, Group_OF-32377_32949, Group_OF-32377_47196, Group_OF-32377_47194, Group_OF-32377_31614, Group_OF-32377_37361, Group_OF-32377_3868, Group_OF-32377_3869, Group_OF-32377_37364, Group_OF-32377_37366, Group_OF-32377_37367, Group_OF-32377_48017, Group_OF-32377_3863, Group_OF-32377_36034, Group_OF-32377_38690, Group_OF-32377_25371, Group_OF-32377_50344, Group_OF-32377_37368, Group_OF-32377_37369, Group_OF-32377_49345, Group_OF-32377_50348, Group_OF-32377_49341, Group_OF-32377_37373, Group_OF-32377_37376, Group_OF-32377_3873, Group_OF-32377_26699, Group_OF-32377_36046, Group_OF-32377_36044, Group_OF-32377_2545, Group_OF-32377_36040, Group_OF-32377_26690, Group_OF-32377_25362, Group_OF-32377_24031, Group_OF-32377_26692, Group_OF-32377_25364, Group_OF-32377_26695, Group_OF-32377_3881, Group_OF-32377_24033, Group_OF-32377_51661, Group_OF-32377_25366, Group_OF-32377_26697, Group_OF-32377_36049, Group_OF-32377_51664, Group_OF-32377_52992, Group_OF-32377_50337, Group_OF-32377_50339, Group_OF-32377_49351, Group_OF-32377_40990, Group_OF-32377_37342, Group_OF-32377_49328, Group_OF-32377_37344, Group_OF-32377_36013, Group_OF-32377_36011, Group_OF-32377_2557, Group_OF-32377_24061, Group_OF-32377_24063, Group_OF-32377_24066, Group_OF-32377_52984, Group_OF-32377_51653, Group_OF-32377_3890, Group_OF-32377_24068, Group_OF-32377_51655, Group_OF-32377_38678, Group_OF-32377_49323, Group_OF-32377_49320, Group_OF-32377_25391, Group_OF-32377_25390, Group_OF-32377_50329, Group_OF-32377_38685, Group_OF-32377_49338, Group_OF-32377_37356, Group_OF-32377_48006, Group_OF-32377_2564, Group_OF-32377_2565, Group_OF-32377_3894, Group_OF-32377_24051, Group_OF-32377_25381, Group_OF-32377_24052, Group_OF-32377_51642, Group_OF-32377_52970, Group_OF-32377_38688, Group_OF-32377_49334, Group_OF-32377_48001, Group_OF-32377_52975, Group_OF-32377_51647, Group_OF-32377_38650, Group_OF-32377_49306, Group_OF-32377_39982, Group_OF-32377_40971, Group_OF-32377_3828, Group_OF-32377_38653, Group_OF-32377_39984, Group_OF-32377_25335, Group_OF-32377_24004, Group_OF-32377_25337, Group_OF-32377_26668, Group_OF-32377_26667, Group_OF-32377_24007, Group_OF-32377_25339, Group_OF-32377_24008, Group_OF-32377_3820, Group_OF-32377_27991, Group_OF-32377_26664, Group_OF-32377_27992, Group_OF-32377_26663, Group_OF-32377_51630, Group_OF-32377_14688, Group_OF-32377_38655, Group_OF-32377_50302, Group_OF-32377_52965, Group_OF-32377_14689, Group_OF-32377_14686, Group_OF-32377_52964, Group_OF-32377_51637, Group_OF-32377_2506, Group_OF-32377_39990, Group_OF-32377_38661, Group_OF-32377_37331, Group_OF-32377_38662, Group_OF-32377_14674, Group_OF-32377_37333, Group_OF-32377_38664, Group_OF-32377_2509, Group_OF-32377_3830, Group_OF-32377_27988, Group_OF-32377_36002, Group_OF-32377_25326, Group_OF-32377_2502, Group_OF-32377_26659, Group_OF-32377_25327, Group_OF-32377_3832, Group_OF-32377_25329, Group_OF-32377_26651, Group_OF-32377_52950, Group_OF-32377_37336, Group_OF-32377_49311, Group_OF-32377_14676, Group_OF-32377_38669, Group_OF-32377_49310, Group_OF-32377_51623, Group_OF-32377_52953, Group_OF-32377_52956, Group_OF-32377_2517, Group_OF-32377_3848, Group_OF-32377_3846, Group_OF-32377_2516, Group_OF-32377_51609, Group_OF-32377_37300, Group_OF-32377_38632, Group_OF-32377_24028, Group_OF-32377_3844, Group_OF-32377_2514, Group_OF-32377_40956, Group_OF-32377_25351, Group_OF-32377_24021, Group_OF-32377_25353, Group_OF-32377_26684, Group_OF-32377_25354, Group_OF-32377_38633, Group_OF-32377_39965, Group_OF-32377_52943, Group_OF-32377_37303, Group_OF-32377_38635, Group_OF-32377_51614, Group_OF-32377_52945, Group_OF-32377_52929, Group_OF-32377_3857, Group_OF-32377_52928, Group_OF-32377_39972, Group_OF-32377_38641, Group_OF-32377_39971, Group_OF-32377_37311, Group_OF-32377_39974, Group_OF-32377_3851, Group_OF-32377_24015, Group_OF-32377_26676, Group_OF-32377_24016, Group_OF-32377_24017, Group_OF-32377_26678, Group_OF-32377_25349, Group_OF-32377_2522, Group_OF-32377_25340, Group_OF-32377_40959, Group_OF-32377_24010, Group_OF-32377_26673, Group_OF-32377_25343, Group_OF-32377_37314, Group_OF-32377_37317, Group_OF-32377_52936, Group_OF-32377_52918, Group_OF-32377_55190, Group_OF-32377_697, Group_OF-32377_39940, Group_OF-32377_27954, Group_OF-32377_26624, Group_OF-32377_55192, Group_OF-32377_40935, Group_OF-32377_55197, Group_OF-32377_40927, Group_OF-32377_27951, Group_OF-32377_38611, Group_OF-32377_38612, Group_OF-32377_38615, Group_OF-32377_52925, Group_OF-32377_38617, Group_OF-32377_52924, Group_OF-32377_27944, Group_OF-32377_40942, Group_OF-32377_27941, Group_OF-32377_27948, Group_OF-32377_40946, Group_OF-32377_55185, Group_OF-32377_27946, Group_OF-32377_14639, Group_OF-32377_6078, Group_OF-32377_14631, Group_OF-32377_6070, Group_OF-32377_39959, Group_OF-32377_3803, Group_OF-32377_3809, Group_OF-32377_26643, Group_OF-32377_25316, Group_OF-32377_40912, Group_OF-32377_55173, Group_OF-32377_6088, Group_OF-32377_40907, Group_OF-32377_40904, Group_OF-32377_26640, Group_OF-32377_6089, Group_OF-32377_40908, Group_OF-32377_14666, Group_OF-32377_43184, Group_OF-32377_14664, Group_OF-32377_39922, Group_OF-32377_39924, Group_OF-32377_43180, Group_OF-32377_43182, Group_OF-32377_43199, Group_OF-32377_3817, Group_OF-32377_25302, Group_OF-32377_25301, Group_OF-32377_27966, Group_OF-32377_55160, Group_OF-32377_26634, Group_OF-32377_27964, Group_OF-32377_56496, Group_OF-32377_56495, Group_OF-32377_27967, Group_OF-32377_40923, Group_OF-32377_6099, Group_OF-32377_55169, Group_OF-32377_40919, Group_OF-32377_43197, Group_OF-32377_43190, Group_OF-32377_43191, Group_OF-32377_39938, Group_OF-32377_43192, Group_OF-32377_44496, Group_OF-32377_43167, Group_OF-32377_44498, Group_OF-32377_56480, Group_OF-32377_55153, Group_OF-32377_56484, Group_OF-32377_56483, Group_OF-32377_39907, Group_OF-32377_39906, Group_OF-32377_14606, Group_OF-32377_31186, Group_OF-32377_31188, Group_OF-32377_14601, Group_OF-32377_44493, Group_OF-32377_44495, Group_OF-32377_39902, Group_OF-32377_43179, Group_OF-32377_31194, Group_OF-32377_31193, Group_OF-32377_7358, Group_OF-32377_40903, Group_OF-32377_55147, Group_OF-32377_31198, Group_OF-32377_8693, Group_OF-32377_8694, Group_OF-32377_8691, Group_OF-32377_43175, Group_OF-32377_39915, Group_OF-32377_43143, Group_OF-32377_44474, Group_OF-32377_43145, Group_OF-32377_44476, Group_OF-32377_27932, Group_OF-32377_27933, Group_OF-32377_27930, Group_OF-32377_31162, Group_OF-32377_26606, Group_OF-32377_32490, Group_OF-32377_56460, Group_OF-32377_56466, Group_OF-32377_6042, Group_OF-32377_56465, Group_OF-32377_56464, Group_OF-32377_6047, Group_OF-32377_55139, Group_OF-32377_7374, Group_OF-32377_32497, Group_OF-32377_44472, Group_OF-32377_44489, Group_OF-32377_44488, Group_OF-32377_6049, Group_OF-32377_27925, Group_OF-32377_7387, Group_OF-32377_14619, Group_OF-32377_31179, Group_OF-32377_55124, Group_OF-32377_14617, Group_OF-32377_6052, Group_OF-32377_56453, Group_OF-32377_55129, Group_OF-32377_31178, Group_OF-32377_31177, Group_OF-32377_43150, Group_OF-32377_7380, Group_OF-32377_43152, Group_OF-32377_731, Group_OF-32377_44457, Group_OF-32377_45786, Group_OF-32377_43124, Group_OF-32377_8759, Group_OF-32377_739, Group_OF-32377_31140, Group_OF-32377_737, Group_OF-32377_55114, Group_OF-32377_56444, Group_OF-32377_31149, Group_OF-32377_7434, Group_OF-32377_31148, Group_OF-32377_55111, Group_OF-32377_45781, Group_OF-32377_43139, Group_OF-32377_43132, Group_OF-32377_45795, Group_OF-32377_7439, Group_OF-32377_32480, Group_OF-32377_56430, Group_OF-32377_746, Group_OF-32377_8767, Group_OF-32377_7442, Group_OF-32377_7443, Group_OF-32377_31157, Group_OF-32377_55102, Group_OF-32377_8775, Group_OF-32377_56438, Group_OF-32377_8770, Group_OF-32377_32484, Group_OF-32377_8771, Group_OF-32377_44461, Group_OF-32377_55109, Group_OF-32377_43104, Group_OF-32377_43105, Group_OF-32377_45768, Group_OF-32377_750, Group_OF-32377_45761, Group_OF-32377_45764, Group_OF-32377_44433, Group_OF-32377_33780, Group_OF-32377_8777, Group_OF-32377_7447, Group_OF-32377_44439, Group_OF-32377_45769, Group_OF-32377_7448, Group_OF-32377_7449, Group_OF-32377_6120, Group_OF-32377_8787, Group_OF-32377_33787, Group_OF-32377_31121, Group_OF-32377_8781, Group_OF-32377_31128, Group_OF-32377_44447, Group_OF-32377_31130, Group_OF-32377_32460, Group_OF-32377_33790, Group_OF-32377_8788, Group_OF-32377_43118, Group_OF-32377_7458, Group_OF-32377_8789, Group_OF-32377_6136, Group_OF-32377_8792, Group_OF-32377_32462, Group_OF-32377_7463, Group_OF-32377_44412, Group_OF-32377_44410, Group_OF-32377_8715, Group_OF-32377_8711, Group_OF-32377_44416, Group_OF-32377_8714, Group_OF-32377_33764, Group_OF-32377_32435, Group_OF-32377_33760, Group_OF-32377_31107, Group_OF-32377_45755, Group_OF-32377_788, Group_OF-32377_785, Group_OF-32377_45752, Group_OF-32377_33770, Group_OF-32377_44429, Group_OF-32377_33777, Group_OF-32377_8731, Group_OF-32377_7401, Group_OF-32377_32441, Group_OF-32377_31112, Group_OF-32377_32449, Group_OF-32377_45722, Group_OF-32377_799, Group_OF-32377_796, Group_OF-32377_8737, Group_OF-32377_7407, Group_OF-32377_7409, Group_OF-32377_8734, Group_OF-32377_8735, Group_OF-32377_8736, Group_OF-32377_33744, Group_OF-32377_7410, Group_OF-32377_7411, Group_OF-32377_32415, Group_OF-32377_33749, Group_OF-32377_32418, Group_OF-32377_44401, Group_OF-32377_45733, Group_OF-32377_45732, Group_OF-32377_44404, Group_OF-32377_7419, Group_OF-32377_44406, Group_OF-32377_8746, Group_OF-32377_8747, Group_OF-32377_32423, Group_OF-32377_7422, Group_OF-32377_33751, Group_OF-32377_32421, Group_OF-32377_33759, Group_OF-32377_32426, Group_OF-32377_45709, Group_OF-32377_33728, Group_OF-32377_33724, Group_OF-32377_33725, Group_OF-32377_45716, Group_OF-32377_32408, Group_OF-32377_32405, Group_OF-32377_33737, Group_OF-32377_33738, Group_OF-32377_33735, Group_OF-32377_49282, Group_OF-32377_50282, Group_OF-32377_50285, Group_OF-32377_49280, Group_OF-32377_50289, Group_OF-32377_49288, Group_OF-32377_8704, Group_OF-32377_33711, Group_OF-32377_49291, Group_OF-32377_50276, Group_OF-32377_50275, Group_OF-32377_50279, Group_OF-32377_33717, Group_OF-32377_2579, Group_OF-32377_2578, Group_OF-32377_49261, Group_OF-32377_49260, Group_OF-32377_51594, Group_OF-32377_50262, Group_OF-32377_51595, Group_OF-32377_50267, Group_OF-32377_50266, Group_OF-32377_51597, Group_OF-32377_49268, Group_OF-32377_49267, Group_OF-32377_49264, Group_OF-32377_49262, Group_OF-32377_37297, Group_OF-32377_707, Group_OF-32377_2584, Group_OF-32377_37292, Group_OF-32377_2589, Group_OF-32377_2590, Group_OF-32377_50252, Group_OF-32377_2594, Group_OF-32377_25286, Group_OF-32377_51587, Group_OF-32377_2592, Group_OF-32377_710, Group_OF-32377_38594, Group_OF-32377_38596, Group_OF-32377_37268, Group_OF-32377_718, Group_OF-32377_713, Group_OF-32377_50241, Group_OF-32377_50245, Group_OF-32377_51576, Group_OF-32377_49247, Group_OF-32377_50247, Group_OF-32377_51577, Group_OF-32377_720, Group_OF-32377_37274, Group_OF-32377_722, Group_OF-32377_50234, Group_OF-32377_51565, Group_OF-32377_52893, Group_OF-32377_50236, Group_OF-32377_52899, Group_OF-32377_49254, Group_OF-32377_50239, Group_OF-32377_40890, Group_OF-32377_37241, Group_OF-32377_37242, Group_OF-32377_38573, Group_OF-32377_40895, Group_OF-32377_37246, Group_OF-32377_3983, Group_OF-32377_2653, Group_OF-32377_3981, Group_OF-32377_25259, Group_OF-32377_3987, Group_OF-32377_2654, Group_OF-32377_3986, Group_OF-32377_25250, Group_OF-32377_26581, Group_OF-32377_52880, Group_OF-32377_2660, Group_OF-32377_3991, Group_OF-32377_38578, Group_OF-32377_49225, Group_OF-32377_50227, Group_OF-32377_49221, Group_OF-32377_50229, Group_OF-32377_38581, Group_OF-32377_14591, Group_OF-32377_37253, Group_OF-32377_49238, Group_OF-32377_2664, Group_OF-32377_25246, Group_OF-32377_3993, Group_OF-32377_2670, Group_OF-32377_25243, Group_OF-32377_52871, Group_OF-32377_25244, Group_OF-32377_49235, Group_OF-32377_50213, Group_OF-32377_14599, Group_OF-32377_38550, Group_OF-32377_39881, Group_OF-32377_40873, Group_OF-32377_49207, Group_OF-32377_37223, Group_OF-32377_40874, Group_OF-32377_2679, Group_OF-32377_2676, Group_OF-32377_40878, Group_OF-32377_52860, Group_OF-32377_25277, Group_OF-32377_49203, Group_OF-32377_49202, Group_OF-32377_37227, Group_OF-32377_50205, Group_OF-32377_37228, Group_OF-32377_38559, Group_OF-32377_39890, Group_OF-32377_39893, Group_OF-32377_39892, Group_OF-32377_49217, Group_OF-32377_38566, Group_OF-32377_2688, Group_OF-32377_26596, Group_OF-32377_25266, Group_OF-32377_26597, Group_OF-32377_52850, Group_OF-32377_38567, Group_OF-32377_38569, Group_OF-32377_2617, Group_OF-32377_3948, Group_OF-32377_40850, Group_OF-32377_3949, Group_OF-32377_14561, Group_OF-32377_38533, Group_OF-32377_3940, Group_OF-32377_40854, Group_OF-32377_40853, Group_OF-32377_3943, Group_OF-32377_2610, Group_OF-32377_27879, Group_OF-32377_40849, Group_OF-32377_27873, Group_OF-32377_26540, Group_OF-32377_27872, Group_OF-32377_37205, Group_OF-32377_38536, Group_OF-32377_39868, Group_OF-32377_14566, Group_OF-32377_52848, Group_OF-32377_3958, Group_OF-32377_3957, Group_OF-32377_52829, Group_OF-32377_14552, Group_OF-32377_40862, Group_OF-32377_38542, Group_OF-32377_40861, Group_OF-32377_27866, Group_OF-32377_25205, Group_OF-32377_3954, Group_OF-32377_25206, Group_OF-32377_26537, Group_OF-32377_2622, Group_OF-32377_3953, Group_OF-32377_27862, Group_OF-32377_25200, Group_OF-32377_14557, Group_OF-32377_52838, Group_OF-32377_2638, Group_OF-32377_14580, Group_OF-32377_39840, Group_OF-32377_38511, Group_OF-32377_26567, Group_OF-32377_40833, Group_OF-32377_55095, Group_OF-32377_3962, Group_OF-32377_55094, Group_OF-32377_27897, Group_OF-32377_25237, Group_OF-32377_55099, Group_OF-32377_3963, Group_OF-32377_26561, Group_OF-32377_40828, Group_OF-32377_26563, Group_OF-32377_38512, Group_OF-32377_52823, Group_OF-32377_39846, Group_OF-32377_14588, Group_OF-32377_39845, Group_OF-32377_52827, Group_OF-32377_38518, Group_OF-32377_55080, Group_OF-32377_14573, Group_OF-32377_55083, Group_OF-32377_3970, Group_OF-32377_25227, Group_OF-32377_55082, Group_OF-32377_26557, Group_OF-32377_55088, Group_OF-32377_26559, Group_OF-32377_26554, Group_OF-32377_26553, Group_OF-32377_39854, Group_OF-32377_38525, Group_OF-32377_52813, Group_OF-32377_26509, Group_OF-32377_26508, Group_OF-32377_3905, Group_OF-32377_26501, Group_OF-32377_40810, Group_OF-32377_27838, Group_OF-32377_55075, Group_OF-32377_55074, Group_OF-32377_27830, Group_OF-32377_43085, Group_OF-32377_14521, Group_OF-32377_39824, Group_OF-32377_43080, Group_OF-32377_39825, Group_OF-32377_43081, Group_OF-32377_52802, Group_OF-32377_27829, Group_OF-32377_3918, Group_OF-32377_27823, Group_OF-32377_40820, Group_OF-32377_55060, Group_OF-32377_40825, Group_OF-32377_27825, Group_OF-32377_43090, Group_OF-32377_55067, Group_OF-32377_39832, Group_OF-32377_38505, Group_OF-32377_14541, Group_OF-32377_14540, Group_OF-32377_27855, Group_OF-32377_31084, Group_OF-32377_26522, Group_OF-32377_31086, Group_OF-32377_27857, Group_OF-32377_27858, Group_OF-32377_31081, Group_OF-32377_39808, Group_OF-32377_55059, Group_OF-32377_27851, Group_OF-32377_14545, Group_OF-32377_43064, Group_OF-32377_44392, Group_OF-32377_3935, Group_OF-32377_43077, Group_OF-32377_2607, Group_OF-32377_40800, Group_OF-32377_2602, Group_OF-32377_3931, Group_OF-32377_27847, Group_OF-32377_26510, Group_OF-32377_39811, Group_OF-32377_39813, Group_OF-32377_43075, Group_OF-32377_14537, Group_OF-32377_39816, Group_OF-32377_44378, Group_OF-32377_31060, Group_OF-32377_32391, Group_OF-32377_55031, Group_OF-32377_7471, Group_OF-32377_31066, Group_OF-32377_6146, Group_OF-32377_31068, Group_OF-32377_55038, Group_OF-32377_43041, Group_OF-32377_44373, Group_OF-32377_44387, Group_OF-32377_44389, Group_OF-32377_55020, Group_OF-32377_55023, Group_OF-32377_55029, Group_OF-32377_7484, Group_OF-32377_7480, Group_OF-32377_7481, Group_OF-32377_27819, Group_OF-32377_44358, Group_OF-32377_27817, Group_OF-32377_44355, Group_OF-32377_45686, Group_OF-32377_27810, Group_OF-32377_27815, Group_OF-32377_32378, Group_OF-32377_14508, Group_OF-32377_6169, Group_OF-32377_6168, Group_OF-32377_14501, Group_OF-32377_44351, Group_OF-32377_7492, Group_OF-32377_14500, Group_OF-32377_6160, Group_OF-32377_45699, Group_OF-32377_43033, Group_OF-32377_44365, Group_OF-32377_43036, Group_OF-32377_32382, Group_OF-32377_27804, Group_OF-32377_6176, Group_OF-32377_6175, Group_OF-32377_31055, Group_OF-32377_31057, Group_OF-32377_44363, Group_OF-32377_853, Group_OF-32377_45667, Group_OF-32377_43000, Group_OF-32377_45663, Group_OF-32377_44332, Group_OF-32377_45662, Group_OF-32377_850, Group_OF-32377_33682, Group_OF-32377_8883, Group_OF-32377_32357, Group_OF-32377_32356, Group_OF-32377_33687, Group_OF-32377_56321, Group_OF-32377_7550, Group_OF-32377_8881, Group_OF-32377_32355, Group_OF-32377_31023, Group_OF-32377_32354, Group_OF-32377_45661, Group_OF-32377_44330, Group_OF-32377_43016, Group_OF-32377_44342, Group_OF-32377_43012, Group_OF-32377_45675, Group_OF-32377_868, Group_OF-32377_8887, Group_OF-32377_7563, Group_OF-32377_8895, Group_OF-32377_32367, Group_OF-32377_8897, Group_OF-32377_33699, Group_OF-32377_32364, Group_OF-32377_31032, Group_OF-32377_33697, Group_OF-32377_33694, Group_OF-32377_56314, Group_OF-32377_45670, Group_OF-32377_56319, Group_OF-32377_877, Group_OF-32377_45641, Group_OF-32377_46972, Group_OF-32377_34990, Group_OF-32377_7568, Group_OF-32377_44319, Group_OF-32377_56301, Group_OF-32377_31005, Group_OF-32377_33666, Group_OF-32377_31000, Group_OF-32377_33663, Group_OF-32377_33664, Group_OF-32377_56305, Group_OF-32377_34992, Group_OF-32377_7573, Group_OF-32377_33662, Group_OF-32377_34993, Group_OF-32377_56309, Group_OF-32377_31009, Group_OF-32377_44324, Group_OF-32377_885, Group_OF-32377_46986, Group_OF-32377_46989, Group_OF-32377_46988, Group_OF-32377_884, Group_OF-32377_45654, Group_OF-32377_6248, Group_OF-32377_45659, Group_OF-32377_31015, Group_OF-32377_33678, Group_OF-32377_33679, Group_OF-32377_33676, Group_OF-32377_33675, Group_OF-32377_7584, Group_OF-32377_33673, Group_OF-32377_22987, Group_OF-32377_22986, Group_OF-32377_893, Group_OF-32377_34976, Group_OF-32377_8840, Group_OF-32377_34977, Group_OF-32377_33644, Group_OF-32377_34975, Group_OF-32377_32310, Group_OF-32377_890, Group_OF-32377_34979, Group_OF-32377_44304, Group_OF-32377_46966, Group_OF-32377_22972, Group_OF-32377_45630, Group_OF-32377_7516, Group_OF-32377_7517, Group_OF-32377_7512, Group_OF-32377_44306, Group_OF-32377_46969, Group_OF-32377_45639, Group_OF-32377_32324, Group_OF-32377_33654, Group_OF-32377_34983, Group_OF-32377_33650, Group_OF-32377_32328, Group_OF-32377_45603, Group_OF-32377_7527, Group_OF-32377_46939, Group_OF-32377_45606, Group_OF-32377_7530, Group_OF-32377_8861, Group_OF-32377_33624, Group_OF-32377_34951, Group_OF-32377_33625, Group_OF-32377_46945, Group_OF-32377_45613, Group_OF-32377_45610, Group_OF-32377_6206, Group_OF-32377_7534, Group_OF-32377_46947, Group_OF-32377_50190, Group_OF-32377_7536, Group_OF-32377_46949, Group_OF-32377_8868, Group_OF-32377_45617, Group_OF-32377_33633, Group_OF-32377_22990, Group_OF-32377_32305, Group_OF-32377_34968, Group_OF-32377_46918, Group_OF-32377_50182, Group_OF-32377_22944, Group_OF-32377_46915, Group_OF-32377_50181, Group_OF-32377_34932, Group_OF-32377_34933, Group_OF-32377_50183, Group_OF-32377_50186, Group_OF-32377_50187, Group_OF-32377_33608, Group_OF-32377_22936, Group_OF-32377_46925, Group_OF-32377_50171, Group_OF-32377_50173, Group_OF-32377_34944, Group_OF-32377_33610, Group_OF-32377_50174, Group_OF-32377_50176, Group_OF-32377_50179, Group_OF-32377_50178, Group_OF-32377_49199, Group_OF-32377_34948, Group_OF-32377_37185, Group_OF-32377_22962, Group_OF-32377_8811, Group_OF-32377_37181, Group_OF-32377_37183, Group_OF-32377_51490, Group_OF-32377_51492, Group_OF-32377_51494, Group_OF-32377_49169, Group_OF-32377_34917, Group_OF-32377_22951, Group_OF-32377_46900, Group_OF-32377_802, Group_OF-32377_22958, Group_OF-32377_37191, Group_OF-32377_46903, Group_OF-32377_46902, Group_OF-32377_46905, Group_OF-32377_37194, Group_OF-32377_50150, Group_OF-32377_51481, Group_OF-32377_8830, Group_OF-32377_49171, Group_OF-32377_50153, Group_OF-32377_50152, Group_OF-32377_51485, Group_OF-32377_50157, Group_OF-32377_51487, Group_OF-32377_34924, Group_OF-32377_37166, Group_OF-32377_49149, Group_OF-32377_818, Group_OF-32377_22902, Group_OF-32377_51470, Group_OF-32377_51473, Group_OF-32377_50141, Group_OF-32377_50144, Group_OF-32377_25179, Group_OF-32377_50149, Group_OF-32377_49144, Group_OF-32377_49142, Group_OF-32377_49141, Group_OF-32377_37175, Group_OF-32377_37179, Group_OF-32377_37172, Group_OF-32377_26495, Group_OF-32377_51461, Group_OF-32377_49159, Group_OF-32377_50137, Group_OF-32377_50138, Group_OF-32377_52799, Group_OF-32377_833, Group_OF-32377_37142, Group_OF-32377_37143, Group_OF-32377_38474, Group_OF-32377_37145, Group_OF-32377_37147, Group_OF-32377_40799, Group_OF-32377_835, Group_OF-32377_837, Group_OF-32377_25195, Group_OF-32377_52782, Group_OF-32377_25197, Group_OF-32377_50120, Group_OF-32377_51450, Group_OF-32377_25199, Group_OF-32377_50122, Group_OF-32377_52785, Group_OF-32377_50124, Group_OF-32377_52783, Group_OF-32377_50127, Group_OF-32377_25192, Group_OF-32377_843, Group_OF-32377_38486, Group_OF-32377_25184, Group_OF-32377_25186, Group_OF-32377_25185, Group_OF-32377_52774, Group_OF-32377_22909, Group_OF-32377_49136, Group_OF-32377_36270, Group_OF-32377_3626, Group_OF-32377_3620, Group_OF-32377_36277, Group_OF-32377_3625, Group_OF-32377_4953, Group_OF-32377_24283, Group_OF-32377_50581, Group_OF-32377_48256, Group_OF-32377_49587, Group_OF-32377_49584, Group_OF-32377_49582, Group_OF-32377_24280, Group_OF-32377_3637, Group_OF-32377_4969, Group_OF-32377_3638, Group_OF-32377_4968, Group_OF-32377_2300, Group_OF-32377_4960, Group_OF-32377_36285, Group_OF-32377_3636, Group_OF-32377_49591, Group_OF-32377_50573, Group_OF-32377_24275, Group_OF-32377_24277, Group_OF-32377_48267, Group_OF-32377_50577, Group_OF-32377_50576, Group_OF-32377_48263, Group_OF-32377_48264, Group_OF-32377_49594, Group_OF-32377_48261, Group_OF-32377_37580, Group_OF-32377_3649, Group_OF-32377_48239, Group_OF-32377_49568, Group_OF-32377_2311, Group_OF-32377_36256, Group_OF-32377_3646, Group_OF-32377_4978, Group_OF-32377_3647, Group_OF-32377_3645, Group_OF-32377_3650, Group_OF-32377_51895, Group_OF-32377_50565, Group_OF-32377_48230, Group_OF-32377_49561, Group_OF-32377_50569, Group_OF-32377_37591, Group_OF-32377_37594, Group_OF-32377_48249, Group_OF-32377_37598, Group_OF-32377_2322, Group_OF-32377_4982, Group_OF-32377_3655, Group_OF-32377_2325, Group_OF-32377_3656, Group_OF-32377_24295, Group_OF-32377_3660, Group_OF-32377_4991, Group_OF-32377_50550, Group_OF-32377_50552, Group_OF-32377_50555, Group_OF-32377_49574, Group_OF-32377_49573, Group_OF-32377_48242, Group_OF-32377_49572, Group_OF-32377_24290, Group_OF-32377_4915, Group_OF-32377_4914, Group_OF-32377_37560, Group_OF-32377_49549, Group_OF-32377_49548, Group_OF-32377_4918, Group_OF-32377_48214, Group_OF-32377_37565, Group_OF-32377_36234, Group_OF-32377_4912, Group_OF-32377_25570, Group_OF-32377_7196, Group_OF-32377_36237, Group_OF-32377_51873, Group_OF-32377_50541, Group_OF-32377_48212, Group_OF-32377_49544, Group_OF-32377_49543, Group_OF-32377_50545, Group_OF-32377_49540, Group_OF-32377_51879, Group_OF-32377_7190, Group_OF-32377_4927, Group_OF-32377_4925, Group_OF-32377_4924, Group_OF-32377_48225, Group_OF-32377_49556, Group_OF-32377_24238, Group_OF-32377_25560, Group_OF-32377_26890, Group_OF-32377_26893, Group_OF-32377_36248, Group_OF-32377_25563, Group_OF-32377_48224, Group_OF-32377_37579, Group_OF-32377_51866, Group_OF-32377_48220, Group_OF-32377_49529, Group_OF-32377_49528, Group_OF-32377_49526, Group_OF-32377_37541, Group_OF-32377_38872, Group_OF-32377_3608, Group_OF-32377_38874, Group_OF-32377_25598, Group_OF-32377_36219, Group_OF-32377_36216, Group_OF-32377_25597, Group_OF-32377_36214, Group_OF-32377_24266, Group_OF-32377_38875, Group_OF-32377_51852, Group_OF-32377_38877, Group_OF-32377_37548, Group_OF-32377_38879, Group_OF-32377_4949, Group_OF-32377_50508, Group_OF-32377_49539, Group_OF-32377_50509, Group_OF-32377_48204, Group_OF-32377_49534, Group_OF-32377_4941, Group_OF-32377_25587, Group_OF-32377_24259, Group_OF-32377_4945, Group_OF-32377_4942, Group_OF-32377_24252, Group_OF-32377_25584, Group_OF-32377_36227, Group_OF-32377_25583, Group_OF-32377_25586, Group_OF-32377_51841, Group_OF-32377_37558, Group_OF-32377_48200, Group_OF-32377_49530, Group_OF-32377_456, Group_OF-32377_49503, Group_OF-32377_38851, Group_OF-32377_26863, Group_OF-32377_25535, Group_OF-32377_24207, Group_OF-32377_24208, Group_OF-32377_7158, Group_OF-32377_8484, Group_OF-32377_14886, Group_OF-32377_50500, Group_OF-32377_8481, Group_OF-32377_51833, Group_OF-32377_450, Group_OF-32377_7151, Group_OF-32377_8482, Group_OF-32377_51832, Group_OF-32377_38858, Group_OF-32377_51837, Group_OF-32377_51816, Group_OF-32377_464, Group_OF-32377_38862, Group_OF-32377_49513, Group_OF-32377_37532, Group_OF-32377_26855, Group_OF-32377_54098, Group_OF-32377_36209, Group_OF-32377_36208, Group_OF-32377_8495, Group_OF-32377_38864, Group_OF-32377_8492, Group_OF-32377_14873, Group_OF-32377_51822, Group_OF-32377_461, Group_OF-32377_8493, Group_OF-32377_37538, Group_OF-32377_51825, Group_OF-32377_479, Group_OF-32377_51805, Group_OF-32377_51807, Group_OF-32377_51809, Group_OF-32377_24223, Group_OF-32377_26886, Group_OF-32377_24224, Group_OF-32377_25554, Group_OF-32377_54083, Group_OF-32377_26888, Group_OF-32377_54081, Group_OF-32377_25559, Group_OF-32377_54086, Group_OF-32377_54087, Group_OF-32377_7179, Group_OF-32377_26880, Group_OF-32377_7174, Group_OF-32377_26884, Group_OF-32377_37503, Group_OF-32377_51810, Group_OF-32377_38835, Group_OF-32377_4905, Group_OF-32377_485, Group_OF-32377_38841, Group_OF-32377_24212, Group_OF-32377_26875, Group_OF-32377_54072, Group_OF-32377_26876, Group_OF-32377_54075, Group_OF-32377_54077, Group_OF-32377_7186, Group_OF-32377_7187, Group_OF-32377_26873, Group_OF-32377_26872, Group_OF-32377_482, Group_OF-32377_7181, Group_OF-32377_14895, Group_OF-32377_51801, Group_OF-32377_51803, Group_OF-32377_496, Group_OF-32377_30090, Group_OF-32377_8439, Group_OF-32377_26825, Group_OF-32377_38817, Group_OF-32377_7113, Group_OF-32377_14848, Group_OF-32377_54067, Group_OF-32377_7111, Group_OF-32377_29094, Group_OF-32377_38810, Group_OF-32377_495, Group_OF-32377_29097, Group_OF-32377_38814, Group_OF-32377_42074, Group_OF-32377_29096, Group_OF-32377_9779, Group_OF-32377_9778, Group_OF-32377_26812, Group_OF-32377_55389, Group_OF-32377_8455, Group_OF-32377_54055, Group_OF-32377_7122, Group_OF-32377_9783, Group_OF-32377_29082, Group_OF-32377_9780, Group_OF-32377_42080, Group_OF-32377_42085, Group_OF-32377_38826, Group_OF-32377_29085, Group_OF-32377_25518, Group_OF-32377_42056, Group_OF-32377_43385, Group_OF-32377_43386, Group_OF-32377_30074, Group_OF-32377_8459, Group_OF-32377_55373, Group_OF-32377_54041, Group_OF-32377_7134, Group_OF-32377_7135, Group_OF-32377_8466, Group_OF-32377_55377, Group_OF-32377_9798, Group_OF-32377_8463, Group_OF-32377_8464, Group_OF-32377_14869, Group_OF-32377_25507, Group_OF-32377_42067, Group_OF-32377_7138, Group_OF-32377_55363, Group_OF-32377_7139, Group_OF-32377_25503, Group_OF-32377_26834, Group_OF-32377_55362, Group_OF-32377_55366, Group_OF-32377_7141, Group_OF-32377_30086, Group_OF-32377_55369, Group_OF-32377_38802, Group_OF-32377_42064, Group_OF-32377_38804, Group_OF-32377_42062, Group_OF-32377_43390, Group_OF-32377_44699, Group_OF-32377_42038, Group_OF-32377_44697, Group_OF-32377_30051, Group_OF-32377_31383, Group_OF-32377_9844, Group_OF-32377_55351, Group_OF-32377_56682, Group_OF-32377_55350, Group_OF-32377_29055, Group_OF-32377_9853, Group_OF-32377_56684, Group_OF-32377_30053, Group_OF-32377_54028, Group_OF-32377_31384, Group_OF-32377_54029, Group_OF-32377_54027, Group_OF-32377_49, Group_OF-32377_29054, Group_OF-32377_45, Group_OF-32377_29051, Group_OF-32377_501, Group_OF-32377_43379, Group_OF-32377_42049, Group_OF-32377_42047, Group_OF-32377_30062, Group_OF-32377_8527, Group_OF-32377_9862, Group_OF-32377_29047, Group_OF-32377_31399, Group_OF-32377_56675, Group_OF-32377_8533, Group_OF-32377_54011, Group_OF-32377_8534, Group_OF-32377_29045, Group_OF-32377_54017, Group_OF-32377_31395, Group_OF-32377_30066, Group_OF-32377_56678, Group_OF-32377_43372, Group_OF-32377_35, Group_OF-32377_512, Group_OF-32377_44677, Group_OF-32377_519, Group_OF-32377_8535, Group_OF-32377_26802, Group_OF-32377_55330, Group_OF-32377_9866, Group_OF-32377_518, Group_OF-32377_8537, Group_OF-32377_31367, Group_OF-32377_56665, Group_OF-32377_8543, Group_OF-32377_32697, Group_OF-32377_54000, Group_OF-32377_9875, Group_OF-32377_29078, Group_OF-32377_30031, Group_OF-32377_56668, Group_OF-32377_9872, Group_OF-32377_7210, Group_OF-32377_54005, Group_OF-32377_26, Group_OF-32377_14821, Group_OF-32377_29073, Group_OF-32377_43356, Group_OF-32377_42023, Group_OF-32377_44688, Group_OF-32377_525, Group_OF-32377_42022, Group_OF-32377_44689, Group_OF-32377_20, Group_OF-32377_43359, Group_OF-32377_43353, Group_OF-32377_43354, Group_OF-32377_42025, Group_OF-32377_44686, Group_OF-32377_31370, Group_OF-32377_31371, Group_OF-32377_8546, Group_OF-32377_8547, Group_OF-32377_9879, Group_OF-32377_9885, Group_OF-32377_29068, Group_OF-32377_9884, Group_OF-32377_14818, Group_OF-32377_8555, Group_OF-32377_55321, Group_OF-32377_55327, Group_OF-32377_56658, Group_OF-32377_8550, Group_OF-32377_31373, Group_OF-32377_55326, Group_OF-32377_31376, Group_OF-32377_29060, Group_OF-32377_15, Group_OF-32377_29061, Group_OF-32377_44680, Group_OF-32377_55329, Group_OF-32377_43351, Group_OF-32377_44682, Group_OF-32377_94, Group_OF-32377_43323, Group_OF-32377_536, Group_OF-32377_530, Group_OF-32377_532, Group_OF-32377_538, Group_OF-32377_43327, Group_OF-32377_45989, Group_OF-32377_9803, Group_OF-32377_30013, Group_OF-32377_9810, Group_OF-32377_32677, Group_OF-32377_32672, Group_OF-32377_56646, Group_OF-32377_30012, Group_OF-32377_83, Group_OF-32377_545, Group_OF-32377_45997, Group_OF-32377_44666, Group_OF-32377_86, Group_OF-32377_43337, Group_OF-32377_45993, Group_OF-32377_540, Group_OF-32377_80, Group_OF-32377_543, Group_OF-32377_42004, Group_OF-32377_44663, Group_OF-32377_45995, Group_OF-32377_45994, Group_OF-32377_9815, Group_OF-32377_32681, Group_OF-32377_42007, Group_OF-32377_55301, Group_OF-32377_56631, Group_OF-32377_31358, Group_OF-32377_30027, Group_OF-32377_29006, Group_OF-32377_31352, Group_OF-32377_31351, Group_OF-32377_55304, Group_OF-32377_56635, Group_OF-32377_55303, Group_OF-32377_55308, Group_OF-32377_56638, Group_OF-32377_43301, Group_OF-32377_44632, Group_OF-32377_73, Group_OF-32377_558, Group_OF-32377_43304, Group_OF-32377_551, Group_OF-32377_44630, Group_OF-32377_9827, Group_OF-32377_44637, Group_OF-32377_45967, Group_OF-32377_9825, Group_OF-32377_44638, Group_OF-32377_45969, Group_OF-32377_31322, Group_OF-32377_33987, Group_OF-32377_31325, Group_OF-32377_33984, Group_OF-32377_8501, Group_OF-32377_9831, Group_OF-32377_31324, Group_OF-32377_56625, Group_OF-32377_33980, Group_OF-32377_69, Group_OF-32377_31326, Group_OF-32377_45975, Group_OF-32377_566, Group_OF-32377_43314, Group_OF-32377_45976, Group_OF-32377_562, Group_OF-32377_44642, Group_OF-32377_9837, Group_OF-32377_8503, Group_OF-32377_8505, Group_OF-32377_30002, Group_OF-32377_56610, Group_OF-32377_8510, Group_OF-32377_9840, Group_OF-32377_33996, Group_OF-32377_32662, Group_OF-32377_33992, Group_OF-32377_56611, Group_OF-32377_58, Group_OF-32377_32669, Group_OF-32377_56, Group_OF-32377_44610, Group_OF-32377_44613, Group_OF-32377_45943, Group_OF-32377_2378, Group_OF-32377_44614, Group_OF-32377_45946, Group_OF-32377_44616, Group_OF-32377_44617, Group_OF-32377_2381, Group_OF-32377_2385, Group_OF-32377_32630, Group_OF-32377_56600, Group_OF-32377_31309, Group_OF-32377_56609, Group_OF-32377_31306, Group_OF-32377_45950, Group_OF-32377_2387, Group_OF-32377_2393, Group_OF-32377_31319, Group_OF-32377_48193, Group_OF-32377_32612, Group_OF-32377_48191, Group_OF-32377_33948, Group_OF-32377_32619, Group_OF-32377_32614, Group_OF-32377_48197, Group_OF-32377_45931, Group_OF-32377_44601, Group_OF-32377_44608, Group_OF-32377_44605, Group_OF-32377_32622, Group_OF-32377_36192, Group_OF-32377_2334, Group_OF-32377_4995, Group_OF-32377_4994, Group_OF-32377_3663, Group_OF-32377_3668, Group_OF-32377_45901, Group_OF-32377_3666, Group_OF-32377_33920, Group_OF-32377_33924, Group_OF-32377_33925, Group_OF-32377_33923, Group_OF-32377_45910, Group_OF-32377_2348, Group_OF-32377_45915, Group_OF-32377_45914, Group_OF-32377_50491, Group_OF-32377_48180, Group_OF-32377_2351, Group_OF-32377_24198, Group_OF-32377_50498, Group_OF-32377_50497, Group_OF-32377_32608, Group_OF-32377_48189, Group_OF-32377_33935, Group_OF-32377_24191, Group_OF-32377_33934, Group_OF-32377_36170, Group_OF-32377_48159, Group_OF-32377_36177, Group_OF-32377_2359, Group_OF-32377_2357, Group_OF-32377_36172, Group_OF-32377_33906, Group_OF-32377_50489, Group_OF-32377_33907, Group_OF-32377_33904, Group_OF-32377_33905, Group_OF-32377_49485, Group_OF-32377_48151, Group_OF-32377_48152, Group_OF-32377_36180, Group_OF-32377_2366, Group_OF-32377_2365, Group_OF-32377_33910, Group_OF-32377_50476, Group_OF-32377_49498, Group_OF-32377_49497, Group_OF-32377_48162, Group_OF-32377_37481, Group_OF-32377_2419, Group_OF-32377_37483, Group_OF-32377_3748, Group_OF-32377_37485, Group_OF-32377_48138, Group_OF-32377_49468, Group_OF-32377_3740, Group_OF-32377_36150, Group_OF-32377_25492, Group_OF-32377_24162, Group_OF-32377_25493, Group_OF-32377_51791, Group_OF-32377_51794, Group_OF-32377_36159, Group_OF-32377_51797, Group_OF-32377_49461, Group_OF-32377_37493, Group_OF-32377_48148, Group_OF-32377_36168, Group_OF-32377_2422, Group_OF-32377_24158, Group_OF-32377_36165, Group_OF-32377_36162, Group_OF-32377_37490, Group_OF-32377_25482, Group_OF-32377_51780, Group_OF-32377_25484, Group_OF-32377_50454, Group_OF-32377_50456, Group_OF-32377_51787, Group_OF-32377_51789, Group_OF-32377_48143, Group_OF-32377_49471, Group_OF-32377_38790, Group_OF-32377_37462, Group_OF-32377_38793, Group_OF-32377_38794, Group_OF-32377_48117, Group_OF-32377_38795, Group_OF-32377_48118, Group_OF-32377_37466, Group_OF-32377_38797, Group_OF-32377_3763, Group_OF-32377_2433, Group_OF-32377_3764, Group_OF-32377_3762, Group_OF-32377_36130, Group_OF-32377_51770, Group_OF-32377_50441, Group_OF-32377_36137, Group_OF-32377_50447, Group_OF-32377_51778, Group_OF-32377_48112, Group_OF-32377_50449, Group_OF-32377_50448, Group_OF-32377_51779, Group_OF-32377_37475, Group_OF-32377_2444, Group_OF-32377_3779, Group_OF-32377_2445, Group_OF-32377_24172, Group_OF-32377_2451, Group_OF-32377_24177, Group_OF-32377_51762, Group_OF-32377_48124, Group_OF-32377_49456, Group_OF-32377_51765, Group_OF-32377_48125, Group_OF-32377_48123, Group_OF-32377_49451, Group_OF-32377_50437, Group_OF-32377_49426, Group_OF-32377_3708, Group_OF-32377_36113, Group_OF-32377_3701, Group_OF-32377_26780, Group_OF-32377_51750, Group_OF-32377_36115, Group_OF-32377_51752, Group_OF-32377_25453, Group_OF-32377_37445, Group_OF-32377_49423, Group_OF-32377_38777, Group_OF-32377_51759, Group_OF-32377_38781, Group_OF-32377_49439, Group_OF-32377_37452, Group_OF-32377_48106, Group_OF-32377_25445, Group_OF-32377_36123, Group_OF-32377_36122, Group_OF-32377_36120, Group_OF-32377_26779, Group_OF-32377_36127, Group_OF-32377_26774, Group_OF-32377_24112, Group_OF-32377_51740, Group_OF-32377_48103, Group_OF-32377_48100, Group_OF-32377_51747, Group_OF-32377_51749, Group_OF-32377_49406, Group_OF-32377_37420, Group_OF-32377_25478, Group_OF-32377_25477, Group_OF-32377_24148, Group_OF-32377_3722, Group_OF-32377_24142, Group_OF-32377_24144, Group_OF-32377_37425, Group_OF-32377_38758, Group_OF-32377_50405, Group_OF-32377_50404, Group_OF-32377_51738, Group_OF-32377_51718, Group_OF-32377_2406, Group_OF-32377_49416, Group_OF-32377_38762, Group_OF-32377_24135, Group_OF-32377_24138, Group_OF-32377_2401, Group_OF-32377_3732, Group_OF-32377_37434, Group_OF-32377_49410, Group_OF-32377_37438, Group_OF-32377_51725, Group_OF-32377_573, Group_OF-32377_37400, Group_OF-32377_25418, Group_OF-32377_37409, Group_OF-32377_26741, Group_OF-32377_14765, Group_OF-32377_571, Group_OF-32377_51711, Group_OF-32377_51714, Group_OF-32377_37406, Group_OF-32377_37407, Group_OF-32377_38739, Group_OF-32377_589, Group_OF-32377_588, Group_OF-32377_584, Group_OF-32377_38740, Group_OF-32377_38741, Group_OF-32377_38742, Group_OF-32377_25402, Group_OF-32377_25405, Group_OF-32377_26737, Group_OF-32377_7285, Group_OF-32377_26730, Group_OF-32377_581, Group_OF-32377_14754, Group_OF-32377_583, Group_OF-32377_38746, Group_OF-32377_37418, Group_OF-32377_14757, Group_OF-32377_14782, Group_OF-32377_25434, Group_OF-32377_55290, Group_OF-32377_25438, Group_OF-32377_26761, Group_OF-32377_26760, Group_OF-32377_25432, Group_OF-32377_594, Group_OF-32377_38713, Group_OF-32377_590, Group_OF-32377_14771, Group_OF-32377_25423, Group_OF-32377_25424, Group_OF-32377_55285, Group_OF-32377_25421, Group_OF-32377_26751, Group_OF-32377_14776, Group_OF-32377_38721, Group_OF-32377_38722, Group_OF-32377_38727, Group_OF-32377_43287, Group_OF-32377_26705, Group_OF-32377_55273, Group_OF-32377_7233, Group_OF-32377_8565, Group_OF-32377_7230, Group_OF-32377_14722, Group_OF-32377_14723, Group_OF-32377_43297, Group_OF-32377_43299, Group_OF-32377_55260, Group_OF-32377_55264, Group_OF-32377_8569, Group_OF-32377_7244, Group_OF-32377_7245, Group_OF-32377_14716, Group_OF-32377_14717, Group_OF-32377_8573, Group_OF-32377_14711, Group_OF-32377_43295, Group_OF-32377_38703, Group_OF-32377_14715, Group_OF-32377_38706, Group_OF-32377_43269, Group_OF-32377_26724, Group_OF-32377_56588, Group_OF-32377_7258, Group_OF-32377_7253, Group_OF-32377_31288, Group_OF-32377_31287, Group_OF-32377_44591, Group_OF-32377_44593, Group_OF-32377_8581, Group_OF-32377_44594, Group_OF-32377_14746, Group_OF-32377_26719, Group_OF-32377_43275, Group_OF-32377_26713, Group_OF-32377_56572, Group_OF-32377_8598, Group_OF-32377_14738, Group_OF-32377_55249, Group_OF-32377_31299, Group_OF-32377_7265, Group_OF-32377_43271, Group_OF-32377_8590, Group_OF-32377_43273, Group_OF-32377_43274, Group_OF-32377_44573, Group_OF-32377_44575, Group_OF-32377_8639, Group_OF-32377_32590, Group_OF-32377_31262, Group_OF-32377_7303, Group_OF-32377_56562, Group_OF-32377_9965, Group_OF-32377_616, Group_OF-32377_9967, Group_OF-32377_9972, Group_OF-32377_56565, Group_OF-32377_9975, Group_OF-32377_56564, Group_OF-32377_7313, Group_OF-32377_31269, Group_OF-32377_56569, Group_OF-32377_32597, Group_OF-32377_55237, Group_OF-32377_43240, Group_OF-32377_43241, Group_OF-32377_624, Group_OF-32377_44585, Group_OF-32377_31271, Group_OF-32377_9976, Group_OF-32377_56550, Group_OF-32377_7316, Group_OF-32377_8647, Group_OF-32377_8652, Group_OF-32377_9986, Group_OF-32377_9980, Group_OF-32377_56559, Group_OF-32377_43250, Group_OF-32377_44583, Group_OF-32377_43226, Group_OF-32377_44557, Group_OF-32377_43227, Group_OF-32377_45888, Group_OF-32377_32570, Group_OF-32377_637, Group_OF-32377_43229, Group_OF-32377_9997, Group_OF-32377_56542, Group_OF-32377_14706, Group_OF-32377_55210, Group_OF-32377_9991, Group_OF-32377_32573, Group_OF-32377_6003, Group_OF-32377_55216, Group_OF-32377_8661, Group_OF-32377_14709, Group_OF-32377_32575, Group_OF-32377_7331, Group_OF-32377_14701, Group_OF-32377_6008, Group_OF-32377_31251, Group_OF-32377_7343, Group_OF-32377_7344, Group_OF-32377_55201, Group_OF-32377_56532, Group_OF-32377_31259, Group_OF-32377_8677, Group_OF-32377_56530, Group_OF-32377_32584, Group_OF-32377_8671, Group_OF-32377_45867, Group_OF-32377_45861, Group_OF-32377_45860, Group_OF-32377_45862, Group_OF-32377_9924, Group_OF-32377_9923, Group_OF-32377_33886, Group_OF-32377_33884, Group_OF-32377_31221, Group_OF-32377_32552, Group_OF-32377_668, Group_OF-32377_45878, Group_OF-32377_45877, Group_OF-32377_8609, Group_OF-32377_43210, Group_OF-32377_43212, Group_OF-32377_33891, Group_OF-32377_9933, Group_OF-32377_8602, Group_OF-32377_8603, Group_OF-32377_32565, Group_OF-32377_9942, Group_OF-32377_33894, Group_OF-32377_56515, Group_OF-32377_33895, Group_OF-32377_33892, Group_OF-32377_660, Group_OF-32377_45870, Group_OF-32377_45842, Group_OF-32377_679, Group_OF-32377_9943, Group_OF-32377_45846, Group_OF-32377_9945, Group_OF-32377_44518, Group_OF-32377_9951, Group_OF-32377_33865, Group_OF-32377_8621, Group_OF-32377_32534, Group_OF-32377_56505, Group_OF-32377_31207, Group_OF-32377_45855, Group_OF-32377_45850, Group_OF-32377_683, Group_OF-32377_44520, Group_OF-32377_8630, Group_OF-32377_33876, Group_OF-32377_8631, Group_OF-32377_9963, Group_OF-32377_33875, Group_OF-32377_33872, Group_OF-32377_32542, Group_OF-32377_33871, Group_OF-32377_45820, Group_OF-32377_2497, Group_OF-32377_45825, Group_OF-32377_45824, Group_OF-32377_32510, Group_OF-32377_48095, Group_OF-32377_32514, Group_OF-32377_33846, Group_OF-32377_44501, Group_OF-32377_45831, Group_OF-32377_45834, Group_OF-32377_44503, Group_OF-32377_45833, Group_OF-32377_44508, Group_OF-32377_33855, Group_OF-32377_33851, Group_OF-32377_32525, Group_OF-32377_33857, Group_OF-32377_9909, Group_OF-32377_9904, Group_OF-32377_36099, Group_OF-32377_9902, Group_OF-32377_48072, Group_OF-32377_33822, Group_OF-32377_48070, Group_OF-32377_48076, Group_OF-32377_33823, Group_OF-32377_45812, Group_OF-32377_9911, Group_OF-32377_50395, Group_OF-32377_32509, Group_OF-32377_33834, Group_OF-32377_48085, Group_OF-32377_2454, Group_OF-32377_3786, Group_OF-32377_2453, Group_OF-32377_50381, Group_OF-32377_24087, Group_OF-32377_50386, Group_OF-32377_3791, Group_OF-32377_48058, Group_OF-32377_49386, Group_OF-32377_24080, Group_OF-32377_48052, Group_OF-32377_3797, Group_OF-32377_24072, Group_OF-32377_49393, Group_OF-32377_50371, Group_OF-32377_48062, Group_OF-32377_49392, Group_OF-32377_50370, Group_OF-32377_24074, Group_OF-32377_24078, Group_OF-32377_50379, Group_OF-32377_33816, Group_OF-32377_33814, Group_OF-32377_48066, Group_OF-32377_33812, Group_OF-32377_49394, Group_OF-32377_36058, Group_OF-32377_2474, Group_OF-32377_2475, Group_OF-32377_49360, Group_OF-32377_50362, Group_OF-32377_51693, Group_OF-32377_50361, Group_OF-32377_51692, Group_OF-32377_50364, Group_OF-32377_50367, Group_OF-32377_48035, Group_OF-32377_49365, Group_OF-32377_48030, Group_OF-32377_600, Group_OF-32377_37395, Group_OF-32377_37397, Group_OF-32377_37398, Group_OF-32377_37399, Group_OF-32377_48049, Group_OF-32377_2487, Group_OF-32377_36069, Group_OF-32377_36067, Group_OF-32377_609, Group_OF-32377_603, Group_OF-32377_51683, Group_OF-32377_48047, Group_OF-32377_49379, Group_OF-32377_51688, Group_OF-32377_24091, Group_OF-32377_39540, Group_OF-32377_38211, Group_OF-32377_39543, Group_OF-32377_41861, Group_OF-32377_40536, Group_OF-32377_27559, Group_OF-32377_41865, Group_OF-32377_26227, Group_OF-32377_4712, Group_OF-32377_28881, Group_OF-32377_28882, Group_OF-32377_28885, Group_OF-32377_39549, Group_OF-32377_4726, Group_OF-32377_14231, Group_OF-32377_39556, Group_OF-32377_14232, Group_OF-32377_41876, Group_OF-32377_27546, Group_OF-32377_4724, Group_OF-32377_26218, Group_OF-32377_28872, Group_OF-32377_14237, Group_OF-32377_39558, Group_OF-32377_52514, Group_OF-32377_39559, Group_OF-32377_52518, Group_OF-32377_3406, Group_OF-32377_3400, Group_OF-32377_26248, Group_OF-32377_41844, Group_OF-32377_41843, Group_OF-32377_3404, Group_OF-32377_40516, Group_OF-32377_41847, Group_OF-32377_3403, Group_OF-32377_40515, Group_OF-32377_26240, Group_OF-32377_27572, Group_OF-32377_39524, Group_OF-32377_52502, Group_OF-32377_3417, Group_OF-32377_53819, Group_OF-32377_38201, Group_OF-32377_56090, Group_OF-32377_3411, Group_OF-32377_40525, Group_OF-32377_40524, Group_OF-32377_4740, Group_OF-32377_4746, Group_OF-32377_40526, Group_OF-32377_56097, Group_OF-32377_26231, Group_OF-32377_4750, Group_OF-32377_28896, Group_OF-32377_28897, Group_OF-32377_28894, Group_OF-32377_38205, Group_OF-32377_38206, Group_OF-32377_39538, Group_OF-32377_53827, Group_OF-32377_38209, Group_OF-32377_14201, Group_OF-32377_39501, Group_OF-32377_28845, Group_OF-32377_56085, Group_OF-32377_56084, Group_OF-32377_28843, Group_OF-32377_41821, Group_OF-32377_27513, Group_OF-32377_27518, Group_OF-32377_56087, Group_OF-32377_8289, Group_OF-32377_44090, Group_OF-32377_41817, Group_OF-32377_28841, Group_OF-32377_44096, Group_OF-32377_8282, Group_OF-32377_14203, Group_OF-32377_53811, Group_OF-32377_14209, Group_OF-32377_39506, Group_OF-32377_53817, Group_OF-32377_39508, Group_OF-32377_53815, Group_OF-32377_39510, Group_OF-32377_41830, Group_OF-32377_27503, Group_OF-32377_41834, Group_OF-32377_28833, Group_OF-32377_27507, Group_OF-32377_40506, Group_OF-32377_40504, Group_OF-32377_56079, Group_OF-32377_28830, Group_OF-32377_27500, Group_OF-32377_8298, Group_OF-32377_39517, Group_OF-32377_53806, Group_OF-32377_53803, Group_OF-32377_44079, Group_OF-32377_32096, Group_OF-32377_32095, Group_OF-32377_41800, Group_OF-32377_56062, Group_OF-32377_27534, Group_OF-32377_32098, Group_OF-32377_26205, Group_OF-32377_28866, Group_OF-32377_32097, Group_OF-32377_56066, Group_OF-32377_56065, Group_OF-32377_26209, Group_OF-32377_27532, Group_OF-32377_27531, Group_OF-32377_28862, Group_OF-32377_44075, Group_OF-32377_14228, Group_OF-32377_44089, Group_OF-32377_4708, Group_OF-32377_56051, Group_OF-32377_56056, Group_OF-32377_27527, Group_OF-32377_4700, Group_OF-32377_41808, Group_OF-32377_56059, Group_OF-32377_41807, Group_OF-32377_44080, Group_OF-32377_56057, Group_OF-32377_28852, Group_OF-32377_27520, Group_OF-32377_14215, Group_OF-32377_44085, Group_OF-32377_14213, Group_OF-32377_44084, Group_OF-32377_32073, Group_OF-32377_32075, Group_OF-32377_28805, Group_OF-32377_32070, Group_OF-32377_28803, Group_OF-32377_8242, Group_OF-32377_9574, Group_OF-32377_32079, Group_OF-32377_44054, Group_OF-32377_45385, Group_OF-32377_45382, Group_OF-32377_56037, Group_OF-32377_9589, Group_OF-32377_8253, Group_OF-32377_8254, Group_OF-32377_8250, Group_OF-32377_45391, Group_OF-32377_45390, Group_OF-32377_45393, Group_OF-32377_45367, Group_OF-32377_32052, Group_OF-32377_28824, Group_OF-32377_28822, Group_OF-32377_56021, Group_OF-32377_28826, Group_OF-32377_8264, Group_OF-32377_9594, Group_OF-32377_28820, Group_OF-32377_32055, Group_OF-32377_8262, Group_OF-32377_46690, Group_OF-32377_28818, Group_OF-32377_44047, Group_OF-32377_32063, Group_OF-32377_32065, Group_OF-32377_28816, Group_OF-32377_32060, Group_OF-32377_33390, Group_OF-32377_8278, Group_OF-32377_56014, Group_OF-32377_33399, Group_OF-32377_32066, Group_OF-32377_56018, Group_OF-32377_8277, Group_OF-32377_8270, Group_OF-32377_44041, Group_OF-32377_8271, Group_OF-32377_45372, Group_OF-32377_45371, Group_OF-32377_45348, Group_OF-32377_44013, Group_OF-32377_45343, Group_OF-32377_46674, Group_OF-32377_32030, Group_OF-32377_34690, Group_OF-32377_9527, Group_OF-32377_32039, Group_OF-32377_33369, Group_OF-32377_33366, Group_OF-32377_8209, Group_OF-32377_8205, Group_OF-32377_8206, Group_OF-32377_33370, Group_OF-32377_8208, Group_OF-32377_9538, Group_OF-32377_8214, Group_OF-32377_8215, Group_OF-32377_33375, Group_OF-32377_46682, Group_OF-32377_44022, Group_OF-32377_47988, Group_OF-32377_45321, Group_OF-32377_45324, Group_OF-32377_47983, Group_OF-32377_45323, Group_OF-32377_46654, Group_OF-32377_33341, Group_OF-32377_9549, Group_OF-32377_8223, Group_OF-32377_33348, Group_OF-32377_34675, Group_OF-32377_33345, Group_OF-32377_32014, Group_OF-32377_32013, Group_OF-32377_44006, Group_OF-32377_46667, Group_OF-32377_44001, Group_OF-32377_47997, Group_OF-32377_46665, Group_OF-32377_34682, Group_OF-32377_34680, Group_OF-32377_44009, Group_OF-32377_33357, Group_OF-32377_8230, Group_OF-32377_33356, Group_OF-32377_34684, Group_OF-32377_22668, Group_OF-32377_45304, Group_OF-32377_47967, Group_OF-32377_22667, Group_OF-32377_45303, Group_OF-32377_47968, Group_OF-32377_46637, Group_OF-32377_46636, Group_OF-32377_22663, Group_OF-32377_47964, Group_OF-32377_45302, Group_OF-32377_22661, Group_OF-32377_35980, Group_OF-32377_9609, Group_OF-32377_23996, Group_OF-32377_23997, Group_OF-32377_23998, Group_OF-32377_33325, Group_OF-32377_35982, Group_OF-32377_22656, Group_OF-32377_22652, Group_OF-32377_22651, Group_OF-32377_35992, Group_OF-32377_35991, Group_OF-32377_23984, Group_OF-32377_23985, Group_OF-32377_22659, Group_OF-32377_23987, Group_OF-32377_32007, Group_OF-32377_9622, Group_OF-32377_35997, Group_OF-32377_32001, Group_OF-32377_32009, Group_OF-32377_33339, Group_OF-32377_46613, Group_OF-32377_47943, Group_OF-32377_22686, Group_OF-32377_47941, Group_OF-32377_47942, Group_OF-32377_9629, Group_OF-32377_33304, Group_OF-32377_8301, Group_OF-32377_34631, Group_OF-32377_35963, Group_OF-32377_35962, Group_OF-32377_9630, Group_OF-32377_22682, Group_OF-32377_34637, Group_OF-32377_46624, Group_OF-32377_47954, Group_OF-32377_22674, Group_OF-32377_8304, Group_OF-32377_8307, Group_OF-32377_47959, Group_OF-32377_9642, Group_OF-32377_35977, Group_OF-32377_34644, Group_OF-32377_35976, Group_OF-32377_33312, Group_OF-32377_34643, Group_OF-32377_22624, Group_OF-32377_23956, Group_OF-32377_47923, Group_OF-32377_22623, Group_OF-32377_23957, Group_OF-32377_22622, Group_OF-32377_23958, Group_OF-32377_47920, Group_OF-32377_23951, Group_OF-32377_22628, Group_OF-32377_23953, Group_OF-32377_47925, Group_OF-32377_51193, Group_OF-32377_35945, Group_OF-32377_51196, Group_OF-32377_34611, Group_OF-32377_51198, Group_OF-32377_34612, Group_OF-32377_35942, Group_OF-32377_34619, Group_OF-32377_35949, Group_OF-32377_35947, Group_OF-32377_34616, Group_OF-32377_23945, Group_OF-32377_47932, Group_OF-32377_47933, Group_OF-32377_23949, Group_OF-32377_47930, Group_OF-32377_23941, Group_OF-32377_47938, Group_OF-32377_51181, Group_OF-32377_46605, Group_OF-32377_22614, Group_OF-32377_2193, Group_OF-32377_35955, Group_OF-32377_2191, Group_OF-32377_51186, Group_OF-32377_35952, Group_OF-32377_34628, Group_OF-32377_34629, Group_OF-32377_23978, Group_OF-32377_38198, Group_OF-32377_23971, Group_OF-32377_38191, Group_OF-32377_51170, Group_OF-32377_23975, Group_OF-32377_22648, Group_OF-32377_22647, Group_OF-32377_51173, Group_OF-32377_51177, Group_OF-32377_35929, Group_OF-32377_35927, Group_OF-32377_23967, Group_OF-32377_47910, Group_OF-32377_23961, Group_OF-32377_52491, Group_OF-32377_51163, Group_OF-32377_34601, Group_OF-32377_35938, Group_OF-32377_40495, Group_OF-32377_38176, Group_OF-32377_40492, Group_OF-32377_38178, Group_OF-32377_23917, Group_OF-32377_3464, Group_OF-32377_2139, Group_OF-32377_52484, Group_OF-32377_52483, Group_OF-32377_52488, Group_OF-32377_3472, Group_OF-32377_23909, Group_OF-32377_35905, Group_OF-32377_26183, Group_OF-32377_35902, Group_OF-32377_23901, Group_OF-32377_38188, Group_OF-32377_14198, Group_OF-32377_3477, Group_OF-32377_3478, Group_OF-32377_3475, Group_OF-32377_3476, Group_OF-32377_38180, Group_OF-32377_14191, Group_OF-32377_3480, Group_OF-32377_52473, Group_OF-32377_52474, Group_OF-32377_26176, Group_OF-32377_52471, Group_OF-32377_51142, Group_OF-32377_3484, Group_OF-32377_26179, Group_OF-32377_52476, Group_OF-32377_26170, Group_OF-32377_35914, Group_OF-32377_23937, Group_OF-32377_38155, Group_OF-32377_39489, Group_OF-32377_22608, Group_OF-32377_2159, Group_OF-32377_39482, Group_OF-32377_22603, Group_OF-32377_38151, Group_OF-32377_2160, Group_OF-32377_52462, Group_OF-32377_3495, Group_OF-32377_51134, Group_OF-32377_3496, Group_OF-32377_51133, Group_OF-32377_2162, Group_OF-32377_40483, Group_OF-32377_40482, Group_OF-32377_23926, Group_OF-32377_39499, Group_OF-32377_3499, Group_OF-32377_3498, Group_OF-32377_39491, Group_OF-32377_23922, Group_OF-32377_52452, Group_OF-32377_53783, Group_OF-32377_2175, Group_OF-32377_52455, Group_OF-32377_53784, Group_OF-32377_2174, Group_OF-32377_52454, Group_OF-32377_53789, Group_OF-32377_40480, Group_OF-32377_26191, Group_OF-32377_14164, Group_OF-32377_38131, Group_OF-32377_39464, Group_OF-32377_39465, Group_OF-32377_39467, Group_OF-32377_3426, Group_OF-32377_3424, Group_OF-32377_3425, Group_OF-32377_27474, Group_OF-32377_26143, Group_OF-32377_27471, Group_OF-32377_27472, Group_OF-32377_26144, Group_OF-32377_27478, Group_OF-32377_51113, Group_OF-32377_52443, Group_OF-32377_53774, Group_OF-32377_51116, Group_OF-32377_52448, Group_OF-32377_53779, Group_OF-32377_51118, Group_OF-32377_39477, Group_OF-32377_40466, Group_OF-32377_41796, Group_OF-32377_41795, Group_OF-32377_26138, Group_OF-32377_41799, Group_OF-32377_2106, Group_OF-32377_2107, Group_OF-32377_3435, Group_OF-32377_4766, Group_OF-32377_3436, Group_OF-32377_27462, Group_OF-32377_27461, Group_OF-32377_28792, Group_OF-32377_53764, Group_OF-32377_26133, Group_OF-32377_27467, Group_OF-32377_51100, Group_OF-32377_4770, Group_OF-32377_52431, Group_OF-32377_53763, Group_OF-32377_51104, Group_OF-32377_14159, Group_OF-32377_52439, Group_OF-32377_41760, Group_OF-32377_14183, Group_OF-32377_39444, Group_OF-32377_14188, Group_OF-32377_3445, Group_OF-32377_41767, Group_OF-32377_4774, Group_OF-32377_40435, Group_OF-32377_41766, Group_OF-32377_4778, Group_OF-32377_27496, Group_OF-32377_53750, Group_OF-32377_27494, Group_OF-32377_2120, Group_OF-32377_4782, Group_OF-32377_26166, Group_OF-32377_4781, Group_OF-32377_27497, Group_OF-32377_52420, Group_OF-32377_53758, Group_OF-32377_40440, Group_OF-32377_38121, Group_OF-32377_39452, Group_OF-32377_41775, Group_OF-32377_38125, Group_OF-32377_38126, Group_OF-32377_3453, Group_OF-32377_4785, Group_OF-32377_3457, Group_OF-32377_4790, Group_OF-32377_26151, Group_OF-32377_53740, Group_OF-32377_4791, Group_OF-32377_26157, Group_OF-32377_27487, Group_OF-32377_39458, Group_OF-32377_27480, Group_OF-32377_52419, Group_OF-32377_27437, Group_OF-32377_41746, Group_OF-32377_26104, Group_OF-32377_40414, Group_OF-32377_28767, Group_OF-32377_3503, Group_OF-32377_26109, Group_OF-32377_3504, Group_OF-32377_41749, Group_OF-32377_3501, Group_OF-32377_27433, Group_OF-32377_26100, Group_OF-32377_26102, Group_OF-32377_52405, Group_OF-32377_52406, Group_OF-32377_4849, Group_OF-32377_3516, Group_OF-32377_4848, Group_OF-32377_38100, Group_OF-32377_41752, Group_OF-32377_39434, Group_OF-32377_4842, Group_OF-32377_40425, Group_OF-32377_4840, Group_OF-32377_27424, Group_OF-32377_4843, Group_OF-32377_28750, Group_OF-32377_27422, Group_OF-32377_53720, Group_OF-32377_39436, Group_OF-32377_53727, Group_OF-32377_3529, Group_OF-32377_3528, Group_OF-32377_14140, Group_OF-32377_14145, Group_OF-32377_41720, Group_OF-32377_3522, Group_OF-32377_4851, Group_OF-32377_28788, Group_OF-32377_4850, Group_OF-32377_3525, Group_OF-32377_41728, Group_OF-32377_4855, Group_OF-32377_28781, Group_OF-32377_53710, Group_OF-32377_14149, Group_OF-32377_53717, Group_OF-32377_14131, Group_OF-32377_14133, Group_OF-32377_27448, Group_OF-32377_28779, Group_OF-32377_3533, Group_OF-32377_27449, Group_OF-32377_26118, Group_OF-32377_40402, Group_OF-32377_4868, Group_OF-32377_41737, Group_OF-32377_27440, Group_OF-32377_28771, Group_OF-32377_28776, Group_OF-32377_27442, Group_OF-32377_14139, Group_OF-32377_39417, Group_OF-32377_53700, Group_OF-32377_39416, Group_OF-32377_28727, Group_OF-32377_41703, Group_OF-32377_7075, Group_OF-32377_41712, Group_OF-32377_41711, Group_OF-32377_28712, Group_OF-32377_41708, Group_OF-32377_7084, Group_OF-32377_7085, Group_OF-32377_4817, Group_OF-32377_4818, Group_OF-32377_28747, Group_OF-32377_28744, Group_OF-32377_4812, Group_OF-32377_27411, Group_OF-32377_28740, Group_OF-32377_45286, Group_OF-32377_4829, Group_OF-32377_4820, Group_OF-32377_27408, Group_OF-32377_4821, Group_OF-32377_27401, Group_OF-32377_45296, Group_OF-32377_45292, Group_OF-32377_45266, Group_OF-32377_45269, Group_OF-32377_45268, Group_OF-32377_33286, Group_OF-32377_33283, Group_OF-32377_33284, Group_OF-32377_7036, Group_OF-32377_7037, Group_OF-32377_9699, Group_OF-32377_7031, Group_OF-32377_9696, Group_OF-32377_9695, Group_OF-32377_8360, Group_OF-32377_46595, Group_OF-32377_46591, Group_OF-32377_33294, Group_OF-32377_33295, Group_OF-32377_33298, Group_OF-32377_28701, Group_OF-32377_34591, Group_OF-32377_28705, Group_OF-32377_33269, Group_OF-32377_34598, Group_OF-32377_8385, Group_OF-32377_34599, Group_OF-32377_8387, Group_OF-32377_7050, Group_OF-32377_8382, Group_OF-32377_33278, Group_OF-32377_7065, Group_OF-32377_45252, Group_OF-32377_8392, Group_OF-32377_45254, Group_OF-32377_22588, Group_OF-32377_22585, Group_OF-32377_46555, Group_OF-32377_47885, Group_OF-32377_33240, Group_OF-32377_9649, Group_OF-32377_8322, Group_OF-32377_34578, Group_OF-32377_9650, Group_OF-32377_9652, Group_OF-32377_22583, Group_OF-32377_47883, Group_OF-32377_46569, Group_OF-32377_45237, Group_OF-32377_47899, Group_OF-32377_47897, Group_OF-32377_22575, Group_OF-32377_34584, Group_OF-32377_33250, Group_OF-32377_9658, Group_OF-32377_8336, Group_OF-32377_33259, Group_OF-32377_7000, Group_OF-32377_47893, Group_OF-32377_22570, Group_OF-32377_46563, Group_OF-32377_45231, Group_OF-32377_46538, Group_OF-32377_46537, Group_OF-32377_46533, Group_OF-32377_7006, Group_OF-32377_8337, Group_OF-32377_9668, Group_OF-32377_7009, Group_OF-32377_33228, Group_OF-32377_34556, Group_OF-32377_7016, Group_OF-32377_8341, Group_OF-32377_7011, Group_OF-32377_47860, Group_OF-32377_46547, Group_OF-32377_22598, Group_OF-32377_46543, Group_OF-32377_22596, Group_OF-32377_46545, Group_OF-32377_8348, Group_OF-32377_9686, Group_OF-32377_33239, Group_OF-32377_9688, Group_OF-32377_33234, Group_OF-32377_9685, Group_OF-32377_35895, Group_OF-32377_7023, Group_OF-32377_33233, Group_OF-32377_8350, Group_OF-32377_9680, Group_OF-32377_47844, Group_OF-32377_47845, Group_OF-32377_22543, Group_OF-32377_22542, Group_OF-32377_22541, Group_OF-32377_23873, Group_OF-32377_23877, Group_OF-32377_9725, Group_OF-32377_22548, Group_OF-32377_8400, Group_OF-32377_9730, Group_OF-32377_35867, Group_OF-32377_34535, Group_OF-32377_33202, Group_OF-32377_22535, Group_OF-32377_47853, Group_OF-32377_22530, Group_OF-32377_23865, Group_OF-32377_23867, Group_OF-32377_9743, Group_OF-32377_35876, Group_OF-32377_33212, Group_OF-32377_33213, Group_OF-32377_33210, Group_OF-32377_34549, Group_OF-32377_22567, Group_OF-32377_22566, Group_OF-32377_22565, Group_OF-32377_47820, Group_OF-32377_23893, Group_OF-32377_8419, Group_OF-32377_47829, Group_OF-32377_9748, Group_OF-32377_47827, Group_OF-32377_51094, Group_OF-32377_9753, Group_OF-32377_9752, Group_OF-32377_51098, Group_OF-32377_35841, Group_OF-32377_23892, Group_OF-32377_34518, Group_OF-32377_35848, Group_OF-32377_47836, Group_OF-32377_47833, Group_OF-32377_23885, Group_OF-32377_8427, Group_OF-32377_23888, Group_OF-32377_51084, Group_OF-32377_51083, Group_OF-32377_9763, Group_OF-32377_34523, Group_OF-32377_35855, Group_OF-32377_51087, Group_OF-32377_34528, Group_OF-32377_22503, Group_OF-32377_47802, Group_OF-32377_23836, Group_OF-32377_38098, Group_OF-32377_38099, Group_OF-32377_22509, Group_OF-32377_38091, Group_OF-32377_2299, Group_OF-32377_47806, Group_OF-32377_38094, Group_OF-32377_47807, Group_OF-32377_23833, Group_OF-32377_47805, Group_OF-32377_51074, Group_OF-32377_35820, Group_OF-32377_51079, Group_OF-32377_35829, Group_OF-32377_35827, Group_OF-32377_47812, Group_OF-32377_51061, Group_OF-32377_34503, Group_OF-32377_26096, Group_OF-32377_51063, Group_OF-32377_52399, Group_OF-32377_26092, Group_OF-32377_23858, Group_OF-32377_40395, Group_OF-32377_22522, Group_OF-32377_9701, Group_OF-32377_38074, Group_OF-32377_51050, Group_OF-32377_52380, Group_OF-32377_9710, Group_OF-32377_40392, Group_OF-32377_23847, Group_OF-32377_38087, Group_OF-32377_22510, Group_OF-32377_38080, Group_OF-32377_9718, Group_OF-32377_38081, Group_OF-32377_9713, Group_OF-32377_9715, Group_OF-32377_38084, Group_OF-32377_51041, Group_OF-32377_35811, Group_OF-32377_51044, Group_OF-32377_9721, Group_OF-32377_52373, Group_OF-32377_51048, Group_OF-32377_35819, Group_OF-32377_39385, Group_OF-32377_40372, Group_OF-32377_40375, Group_OF-32377_52363, Group_OF-32377_26063, Group_OF-32377_27397, Group_OF-32377_27394, Group_OF-32377_52361, Group_OF-32377_2264, Group_OF-32377_53696, Group_OF-32377_53697, Group_OF-32377_40370, Group_OF-32377_27393, Group_OF-32377_26062, Group_OF-32377_38065, Group_OF-32377_40384, Group_OF-32377_38067, Group_OF-32377_39397, Group_OF-32377_40389, Group_OF-32377_39399, Group_OF-32377_39390, Group_OF-32377_3597, Group_OF-32377_38060, Group_OF-32377_2269, Group_OF-32377_2270, Group_OF-32377_53683, Group_OF-32377_27386, Group_OF-32377_51021, Group_OF-32377_26057, Group_OF-32377_27389, Group_OF-32377_26056, Group_OF-32377_26059, Group_OF-32377_52358, Group_OF-32377_53689, Group_OF-32377_27381, Group_OF-32377_41682, Group_OF-32377_23815, Group_OF-32377_40350, Group_OF-32377_41681, Group_OF-32377_41687, Group_OF-32377_23818, Group_OF-32377_23819, Group_OF-32377_38037, Group_OF-32377_38038, Group_OF-32377_39368, Group_OF-32377_40359, Group_OF-32377_41688, Group_OF-32377_52342, Group_OF-32377_26088, Group_OF-32377_51011, Group_OF-32377_53671, Group_OF-32377_51013, Group_OF-32377_2284, Group_OF-32377_23803, Group_OF-32377_23805, Group_OF-32377_38045, Group_OF-32377_39375, Group_OF-32377_38046, Group_OF-32377_41698, Group_OF-32377_23807, Group_OF-32377_41696, Group_OF-32377_23801, Group_OF-32377_2290, Group_OF-32377_26077, Group_OF-32377_2297, Group_OF-32377_54995, Group_OF-32377_2295, Group_OF-32377_51003, Group_OF-32377_52336, Group_OF-32377_26073, Group_OF-32377_3549, Group_OF-32377_39342, Group_OF-32377_39346, Group_OF-32377_2213, Group_OF-32377_4874, Group_OF-32377_26029, Group_OF-32377_2216, Group_OF-32377_2217, Group_OF-32377_4877, Group_OF-32377_42999, Group_OF-32377_2215, Group_OF-32377_40339, Group_OF-32377_54981, Group_OF-32377_4882, Group_OF-32377_26023, Group_OF-32377_4880, Group_OF-32377_27354, Group_OF-32377_52321, Group_OF-32377_38017, Group_OF-32377_53659, Group_OF-32377_54989, Group_OF-32377_52326, Group_OF-32377_53657, Group_OF-32377_2229, Group_OF-32377_40345, Group_OF-32377_4886, Group_OF-32377_27349, Group_OF-32377_4884, Group_OF-32377_27347, Group_OF-32377_3553, Group_OF-32377_4888, Group_OF-32377_53640, Group_OF-32377_3561, Group_OF-32377_27345, Group_OF-32377_54975, Group_OF-32377_3562, Group_OF-32377_52313, Group_OF-32377_4890, Group_OF-32377_28675, Group_OF-32377_38029, Group_OF-32377_54978, Group_OF-32377_52314, Group_OF-32377_39321, Group_OF-32377_42973, Group_OF-32377_4895, Group_OF-32377_40319, Group_OF-32377_4899, Group_OF-32377_3568, Group_OF-32377_42978, Group_OF-32377_27373, Group_OF-32377_2241, Group_OF-32377_27378, Group_OF-32377_53632, Group_OF-32377_2242, Group_OF-32377_54963, Group_OF-32377_30991, Group_OF-32377_2240, Group_OF-32377_39327, Group_OF-32377_53636, Group_OF-32377_54966, Group_OF-32377_26040, Group_OF-32377_53639, Group_OF-32377_38000, Group_OF-32377_42984, Group_OF-32377_42985, Group_OF-32377_38002, Group_OF-32377_38003, Group_OF-32377_38005, Group_OF-32377_40320, Group_OF-32377_2244, Group_OF-32377_41655, Group_OF-32377_3578, Group_OF-32377_42988, Group_OF-32377_28694, Group_OF-32377_27364, Group_OF-32377_27361, Group_OF-32377_2252, Group_OF-32377_3584, Group_OF-32377_3581, Group_OF-32377_53620, Group_OF-32377_53626, Group_OF-32377_38009, Group_OF-32377_14480, Group_OF-32377_37120, Group_OF-32377_37124, Group_OF-32377_39787, Group_OF-32377_26469, Group_OF-32377_40775, Group_OF-32377_5802, Group_OF-32377_52760, Group_OF-32377_25131, Group_OF-32377_26462, Group_OF-32377_26461, Group_OF-32377_27796, Group_OF-32377_27797, Group_OF-32377_50102, Group_OF-32377_51433, Group_OF-32377_52761, Group_OF-32377_27795, Group_OF-32377_51434, Group_OF-32377_52765, Group_OF-32377_14489, Group_OF-32377_50108, Group_OF-32377_8080, Group_OF-32377_39792, Group_OF-32377_14472, Group_OF-32377_37132, Group_OF-32377_39793, Group_OF-32377_14474, Group_OF-32377_27789, Group_OF-32377_27787, Group_OF-32377_26458, Group_OF-32377_5814, Group_OF-32377_5813, Group_OF-32377_39790, Group_OF-32377_5811, Group_OF-32377_25120, Group_OF-32377_26451, Group_OF-32377_26450, Group_OF-32377_27780, Group_OF-32377_8098, Group_OF-32377_25122, Group_OF-32377_27783, Group_OF-32377_51422, Group_OF-32377_8094, Group_OF-32377_14479, Group_OF-32377_37138, Group_OF-32377_52755, Group_OF-32377_51428, Group_OF-32377_51409, Group_OF-32377_39761, Group_OF-32377_38430, Group_OF-32377_37100, Group_OF-32377_38432, Group_OF-32377_37103, Group_OF-32377_5820, Group_OF-32377_5823, Group_OF-32377_25155, Group_OF-32377_25157, Group_OF-32377_51411, Group_OF-32377_25156, Group_OF-32377_37104, Group_OF-32377_38435, Group_OF-32377_52746, Group_OF-32377_37106, Group_OF-32377_37107, Group_OF-32377_51417, Group_OF-32377_37109, Group_OF-32377_52747, Group_OF-32377_39770, Group_OF-32377_4508, Group_OF-32377_39772, Group_OF-32377_39773, Group_OF-32377_40762, Group_OF-32377_40761, Group_OF-32377_38445, Group_OF-32377_25148, Group_OF-32377_4500, Group_OF-32377_40764, Group_OF-32377_5835, Group_OF-32377_25140, Group_OF-32377_25146, Group_OF-32377_38446, Group_OF-32377_38447, Group_OF-32377_39777, Group_OF-32377_37117, Group_OF-32377_51403, Group_OF-32377_52739, Group_OF-32377_14443, Group_OF-32377_38411, Group_OF-32377_39742, Group_OF-32377_26424, Group_OF-32377_40732, Group_OF-32377_26425, Group_OF-32377_26429, Group_OF-32377_14446, Group_OF-32377_8040, Group_OF-32377_8041, Group_OF-32377_9372, Group_OF-32377_52722, Group_OF-32377_38418, Group_OF-32377_26415, Group_OF-32377_40749, Group_OF-32377_8058, Group_OF-32377_9389, Group_OF-32377_8054, Group_OF-32377_27741, Group_OF-32377_8055, Group_OF-32377_9385, Group_OF-32377_8057, Group_OF-32377_9381, Group_OF-32377_14436, Group_OF-32377_8052, Group_OF-32377_39758, Group_OF-32377_52710, Group_OF-32377_38428, Group_OF-32377_26445, Group_OF-32377_26448, Group_OF-32377_27776, Group_OF-32377_27770, Group_OF-32377_27771, Group_OF-32377_26440, Group_OF-32377_8066, Group_OF-32377_25112, Group_OF-32377_9393, Group_OF-32377_9392, Group_OF-32377_52702, Group_OF-32377_8063, Group_OF-32377_9394, Group_OF-32377_52700, Group_OF-32377_39726, Group_OF-32377_39729, Group_OF-32377_14454, Group_OF-32377_25104, Group_OF-32377_27767, Group_OF-32377_40723, Group_OF-32377_27768, Group_OF-32377_25108, Group_OF-32377_27763, Group_OF-32377_8078, Group_OF-32377_25101, Group_OF-32377_14455, Group_OF-32377_8075, Group_OF-32377_39737, Group_OF-32377_8070, Group_OF-32377_38408, Group_OF-32377_38409, Group_OF-32377_27718, Group_OF-32377_27713, Group_OF-32377_27711, Group_OF-32377_8006, Group_OF-32377_9330, Group_OF-32377_39705, Group_OF-32377_39704, Group_OF-32377_14405, Group_OF-32377_44293, Group_OF-32377_56275, Group_OF-32377_40703, Group_OF-32377_9345, Group_OF-32377_56277, Group_OF-32377_39711, Group_OF-32377_39716, Group_OF-32377_44276, Group_OF-32377_8019, Group_OF-32377_8022, Group_OF-32377_26400, Group_OF-32377_14425, Group_OF-32377_14422, Group_OF-32377_8020, Group_OF-32377_14429, Group_OF-32377_44287, Group_OF-32377_56250, Group_OF-32377_56258, Group_OF-32377_8032, Group_OF-32377_8033, Group_OF-32377_27720, Group_OF-32377_14415, Group_OF-32377_14416, Group_OF-32377_44282, Group_OF-32377_56241, Group_OF-32377_32279, Group_OF-32377_56246, Group_OF-32377_56244, Group_OF-32377_56248, Group_OF-32377_45581, Group_OF-32377_45584, Group_OF-32377_44268, Group_OF-32377_56231, Group_OF-32377_56237, Group_OF-32377_44261, Group_OF-32377_45592, Group_OF-32377_44263, Group_OF-32377_45595, Group_OF-32377_44237, Group_OF-32377_45566, Group_OF-32377_45565, Group_OF-32377_56223, Group_OF-32377_32259, Group_OF-32377_9311, Group_OF-32377_9310, Group_OF-32377_44230, Group_OF-32377_45578, Group_OF-32377_45576, Group_OF-32377_33594, Group_OF-32377_9316, Group_OF-32377_9318, Group_OF-32377_32269, Group_OF-32377_56214, Group_OF-32377_56213, Group_OF-32377_9326, Group_OF-32377_33597, Group_OF-32377_56217, Group_OF-32377_9322, Group_OF-32377_45571, Group_OF-32377_56219, Group_OF-32377_45546, Group_OF-32377_45545, Group_OF-32377_45548, Group_OF-32377_46879, Group_OF-32377_45543, Group_OF-32377_46874, Group_OF-32377_33568, Group_OF-32377_33569, Group_OF-32377_46870, Group_OF-32377_45556, Group_OF-32377_22897, Group_OF-32377_22896, Group_OF-32377_22892, Group_OF-32377_32240, Group_OF-32377_32247, Group_OF-32377_33574, Group_OF-32377_46881, Group_OF-32377_996, Group_OF-32377_46855, Group_OF-32377_998, Group_OF-32377_45525, Group_OF-32377_992, Group_OF-32377_993, Group_OF-32377_34877, Group_OF-32377_34878, Group_OF-32377_34872, Group_OF-32377_32217, Group_OF-32377_46865, Group_OF-32377_44206, Group_OF-32377_45533, Group_OF-32377_46864, Group_OF-32377_34880, Group_OF-32377_33550, Group_OF-32377_44207, Group_OF-32377_34889, Group_OF-32377_33551, Group_OF-32377_32222, Group_OF-32377_46860, Group_OF-32377_46833, Group_OF-32377_45503, Group_OF-32377_3268, Group_OF-32377_3267, Group_OF-32377_46837, Group_OF-32377_45505, Group_OF-32377_46836, Group_OF-32377_22868, Group_OF-32377_45508, Group_OF-32377_3271, Group_OF-32377_3270, Group_OF-32377_33523, Group_OF-32377_3275, Group_OF-32377_33528, Group_OF-32377_33529, Group_OF-32377_22854, Group_OF-32377_46845, Group_OF-32377_3279, Group_OF-32377_3277, Group_OF-32377_22859, Group_OF-32377_45517, Group_OF-32377_22858, Group_OF-32377_45516, Group_OF-32377_3283, Group_OF-32377_32202, Group_OF-32377_33536, Group_OF-32377_34867, Group_OF-32377_50098, Group_OF-32377_34865, Group_OF-32377_50099, Group_OF-32377_32200, Group_OF-32377_33537, Group_OF-32377_22886, Group_OF-32377_22882, Group_OF-32377_46814, Group_OF-32377_22889, Group_OF-32377_50082, Group_OF-32377_49083, Group_OF-32377_3298, Group_OF-32377_22880, Group_OF-32377_33509, Group_OF-32377_34837, Group_OF-32377_49086, Group_OF-32377_46821, Group_OF-32377_46824, Group_OF-32377_22874, Group_OF-32377_50070, Group_OF-32377_46827, Group_OF-32377_33514, Group_OF-32377_49094, Group_OF-32377_34840, Group_OF-32377_33510, Group_OF-32377_33519, Group_OF-32377_34848, Group_OF-32377_49099, Group_OF-32377_37087, Group_OF-32377_37080, Group_OF-32377_3228, Group_OF-32377_51390, Group_OF-32377_37082, Group_OF-32377_50063, Group_OF-32377_3232, Group_OF-32377_25099, Group_OF-32377_34816, Group_OF-32377_49065, Group_OF-32377_22819, Group_OF-32377_4566, Group_OF-32377_22818, Group_OF-32377_907, Group_OF-32377_22816, Group_OF-32377_3239, Group_OF-32377_37093, Group_OF-32377_50050, Group_OF-32377_51381, Group_OF-32377_4568, Group_OF-32377_34823, Group_OF-32377_49072, Group_OF-32377_34821, Group_OF-32377_50053, Group_OF-32377_51384, Group_OF-32377_50056, Group_OF-32377_25088, Group_OF-32377_50055, Group_OF-32377_51389, Group_OF-32377_34829, Group_OF-32377_38394, Group_OF-32377_38395, Group_OF-32377_37065, Group_OF-32377_918, Group_OF-32377_911, Group_OF-32377_37060, Group_OF-32377_4580, Group_OF-32377_51374, Group_OF-32377_50042, Group_OF-32377_50045, Group_OF-32377_3251, Group_OF-32377_49049, Group_OF-32377_49047, Group_OF-32377_22832, Group_OF-32377_37075, Group_OF-32377_22831, Group_OF-32377_37076, Group_OF-32377_920, Group_OF-32377_3258, Group_OF-32377_22834, Group_OF-32377_51361, Group_OF-32377_49051, Group_OF-32377_52694, Group_OF-32377_51368, Group_OF-32377_34804, Group_OF-32377_34802, Group_OF-32377_38373, Group_OF-32377_40692, Group_OF-32377_932, Group_OF-32377_40691, Group_OF-32377_38375, Group_OF-32377_40690, Group_OF-32377_38377, Group_OF-32377_38379, Group_OF-32377_938, Group_OF-32377_939, Group_OF-32377_5846, Group_OF-32377_38371, Group_OF-32377_25051, Group_OF-32377_50021, Group_OF-32377_50020, Group_OF-32377_52681, Group_OF-32377_52686, Group_OF-32377_50024, Group_OF-32377_50027, Group_OF-32377_51357, Group_OF-32377_51359, Group_OF-32377_941, Group_OF-32377_38383, Group_OF-32377_37054, Group_OF-32377_37055, Group_OF-32377_38386, Group_OF-32377_4523, Group_OF-32377_25049, Group_OF-32377_5853, Group_OF-32377_26379, Group_OF-32377_14390, Group_OF-32377_4524, Group_OF-32377_25041, Group_OF-32377_5861, Group_OF-32377_26376, Group_OF-32377_50012, Group_OF-32377_52676, Group_OF-32377_51345, Group_OF-32377_50013, Group_OF-32377_49036, Group_OF-32377_49031, Group_OF-32377_954, Group_OF-32377_3208, Group_OF-32377_953, Group_OF-32377_37023, Group_OF-32377_40675, Group_OF-32377_37024, Group_OF-32377_38355, Group_OF-32377_39685, Group_OF-32377_38357, Group_OF-32377_39687, Group_OF-32377_3200, Group_OF-32377_4532, Group_OF-32377_22805, Group_OF-32377_955, Group_OF-32377_958, Group_OF-32377_4536, Group_OF-32377_3205, Group_OF-32377_25074, Group_OF-32377_25076, Group_OF-32377_4541, Group_OF-32377_53995, Group_OF-32377_52665, Group_OF-32377_50003, Group_OF-32377_51334, Group_OF-32377_53993, Group_OF-32377_25079, Group_OF-32377_50007, Group_OF-32377_37031, Group_OF-32377_38362, Group_OF-32377_38363, Group_OF-32377_39699, Group_OF-32377_49018, Group_OF-32377_37037, Group_OF-32377_39698, Group_OF-32377_5875, Group_OF-32377_3212, Group_OF-32377_969, Group_OF-32377_3215, Group_OF-32377_3220, Group_OF-32377_5883, Group_OF-32377_4551, Group_OF-32377_52654, Group_OF-32377_5881, Group_OF-32377_51323, Group_OF-32377_51325, Group_OF-32377_49014, Group_OF-32377_53986, Group_OF-32377_51326, Group_OF-32377_53987, Group_OF-32377_26390, Group_OF-32377_51328, Group_OF-32377_52659, Group_OF-32377_25060, Group_OF-32377_14361, Group_OF-32377_38331, Group_OF-32377_38334, Group_OF-32377_41982, Group_OF-32377_27672, Group_OF-32377_27676, Group_OF-32377_52643, Group_OF-32377_53977, Group_OF-32377_51313, Group_OF-32377_52647, Group_OF-32377_38338, Group_OF-32377_51317, Group_OF-32377_14350, Group_OF-32377_39671, Group_OF-32377_39670, Group_OF-32377_38342, Group_OF-32377_40664, Group_OF-32377_39674, Group_OF-32377_38345, Group_OF-32377_40662, Group_OF-32377_37015, Group_OF-32377_40668, Group_OF-32377_26338, Group_OF-32377_40666, Group_OF-32377_41997, Group_OF-32377_28992, Group_OF-32377_28995, Group_OF-32377_26331, Group_OF-32377_25003, Group_OF-32377_26334, Group_OF-32377_51301, Group_OF-32377_25002, Group_OF-32377_26333, Group_OF-32377_28994, Group_OF-32377_38347, Group_OF-32377_51303, Group_OF-32377_53966, Group_OF-32377_53967, Group_OF-32377_52633, Group_OF-32377_51304, Group_OF-32377_52634, Group_OF-32377_51307, Group_OF-32377_51306, Group_OF-32377_53968, Group_OF-32377_14381, Group_OF-32377_38313, Group_OF-32377_25038, Group_OF-32377_26369, Group_OF-32377_40634, Group_OF-32377_27699, Group_OF-32377_25039, Group_OF-32377_4615, Group_OF-32377_5943, Group_OF-32377_26360, Group_OF-32377_26363, Group_OF-32377_27691, Group_OF-32377_25034, Group_OF-32377_53951, Group_OF-32377_26364, Group_OF-32377_27698, Group_OF-32377_25036, Group_OF-32377_25035, Group_OF-32377_26366, Group_OF-32377_38314, Group_OF-32377_52625, Group_OF-32377_14389, Group_OF-32377_52628, Group_OF-32377_52627, Group_OF-32377_39651, Group_OF-32377_14371, Group_OF-32377_40641, Group_OF-32377_14375, Group_OF-32377_40646, Group_OF-32377_41977, Group_OF-32377_25028, Group_OF-32377_26359, Group_OF-32377_40643, Group_OF-32377_4626, Group_OF-32377_4625, Group_OF-32377_40649, Group_OF-32377_4623, Group_OF-32377_39657, Group_OF-32377_52612, Group_OF-32377_52615, Group_OF-32377_39622, Group_OF-32377_39621, Group_OF-32377_27635, Group_OF-32377_41944, Group_OF-32377_40612, Group_OF-32377_26305, Group_OF-32377_40611, Group_OF-32377_28965, Group_OF-32377_41945, Group_OF-32377_8165, Group_OF-32377_53930, Group_OF-32377_8166, Group_OF-32377_8167, Group_OF-32377_8161, Group_OF-32377_39623, Group_OF-32377_53932, Group_OF-32377_14329, Group_OF-32377_39628, Group_OF-32377_14327, Group_OF-32377_53918, Group_OF-32377_41951, Group_OF-32377_56195, Group_OF-32377_27625, Group_OF-32377_28956, Group_OF-32377_41954, Group_OF-32377_41952, Group_OF-32377_27629, Group_OF-32377_27626, Group_OF-32377_27627, Group_OF-32377_28958, Group_OF-32377_27620, Group_OF-32377_27621, Group_OF-32377_8178, Group_OF-32377_39635, Group_OF-32377_8174, Group_OF-32377_14313, Group_OF-32377_53921, Group_OF-32377_14318, Group_OF-32377_14319, Group_OF-32377_38309, Group_OF-32377_53908, Group_OF-32377_5909, Group_OF-32377_39600, Group_OF-32377_27655, Group_OF-32377_5900, Group_OF-32377_56185, Group_OF-32377_28981, Group_OF-32377_41916, Group_OF-32377_8186, Group_OF-32377_8182, Group_OF-32377_14347, Group_OF-32377_44196, Group_OF-32377_8185, Group_OF-32377_53910, Group_OF-32377_8180, Group_OF-32377_5917, Group_OF-32377_14332, Group_OF-32377_14330, Group_OF-32377_5918, Group_OF-32377_56173, Group_OF-32377_5913, Group_OF-32377_40605, Group_OF-32377_5911, Group_OF-32377_40603, Group_OF-32377_41934, Group_OF-32377_27642, Group_OF-32377_27641, Group_OF-32377_14336, Group_OF-32377_14337, Group_OF-32377_39616, Group_OF-32377_8191, Group_OF-32377_53903, Group_OF-32377_28928, Group_OF-32377_44178, Group_OF-32377_28920, Group_OF-32377_56160, Group_OF-32377_28921, Group_OF-32377_56166, Group_OF-32377_41903, Group_OF-32377_8119, Group_OF-32377_8126, Group_OF-32377_32198, Group_OF-32377_8123, Group_OF-32377_44173, Group_OF-32377_44175, Group_OF-32377_44170, Group_OF-32377_44188, Group_OF-32377_41910, Group_OF-32377_56150, Group_OF-32377_8128, Group_OF-32377_41914, Group_OF-32377_8135, Group_OF-32377_9461, Group_OF-32377_44186, Group_OF-32377_9460, Group_OF-32377_44180, Group_OF-32377_45487, Group_OF-32377_44158, Group_OF-32377_45488, Group_OF-32377_32172, Group_OF-32377_28948, Group_OF-32377_56143, Group_OF-32377_27615, Group_OF-32377_28946, Group_OF-32377_28947, Group_OF-32377_8146, Group_OF-32377_56147, Group_OF-32377_9475, Group_OF-32377_9471, Group_OF-32377_14308, Group_OF-32377_14305, Group_OF-32377_45481, Group_OF-32377_14306, Group_OF-32377_45480, Group_OF-32377_44169, Group_OF-32377_32184, Group_OF-32377_32186, Group_OF-32377_32180, Group_OF-32377_56137, Group_OF-32377_56136, Group_OF-32377_8159, Group_OF-32377_9485, Group_OF-32377_45494, Group_OF-32377_8151, Group_OF-32377_9482, Group_OF-32377_45495, Group_OF-32377_44161, Group_OF-32377_45465, Group_OF-32377_32153, Group_OF-32377_56121, Group_OF-32377_56120, Group_OF-32377_32159, Group_OF-32377_56123, Group_OF-32377_32155, Group_OF-32377_56128, Group_OF-32377_45461, Group_OF-32377_46791, Group_OF-32377_44144, Group_OF-32377_45475, Group_OF-32377_45478, Group_OF-32377_33494, Group_OF-32377_33493, Group_OF-32377_9415, Group_OF-32377_56110, Group_OF-32377_9418, Group_OF-32377_9417, Group_OF-32377_32169, Group_OF-32377_9425, Group_OF-32377_56112, Group_OF-32377_32165, Group_OF-32377_56117, Group_OF-32377_33497, Group_OF-32377_46778, Group_OF-32377_44116, Group_OF-32377_45442, Group_OF-32377_46775, Group_OF-32377_9426, Group_OF-32377_9429, Group_OF-32377_33469, Group_OF-32377_9435, Group_OF-32377_9430, Group_OF-32377_34796, Group_OF-32377_56108, Group_OF-32377_32132, Group_OF-32377_56107, Group_OF-32377_33463, Group_OF-32377_44129, Group_OF-32377_44122, Group_OF-32377_45453, Group_OF-32377_44124, Group_OF-32377_44125, Group_OF-32377_45455, Group_OF-32377_32142, Group_OF-32377_8108, Group_OF-32377_8114, Group_OF-32377_32149, Group_OF-32377_32144, Group_OF-32377_33475, Group_OF-32377_44121, Group_OF-32377_46782, Group_OF-32377_45425, Group_OF-32377_22788, Group_OF-32377_46755, Group_OF-32377_45423, Group_OF-32377_46754, Group_OF-32377_22782, Group_OF-32377_34770, Group_OF-32377_34771, Group_OF-32377_34777, Group_OF-32377_33444, Group_OF-32377_32113, Group_OF-32377_33441, Group_OF-32377_22780, Group_OF-32377_46750, Group_OF-32377_22777, Group_OF-32377_45435, Group_OF-32377_46766, Group_OF-32377_44106, Group_OF-32377_44107, Group_OF-32377_44100, Group_OF-32377_46762, Group_OF-32377_46764, Group_OF-32377_33450, Group_OF-32377_34789, Group_OF-32377_32127, Group_OF-32377_33452, Group_OF-32377_32123, Group_OF-32377_46760, Group_OF-32377_46733, Group_OF-32377_45405, Group_OF-32377_9503, Group_OF-32377_46737, Group_OF-32377_34759, Group_OF-32377_45416, Group_OF-32377_46747, Group_OF-32377_46746, Group_OF-32377_22796, Group_OF-32377_9519, Group_OF-32377_46749, Group_OF-32377_9516, Group_OF-32377_45419, Group_OF-32377_9522, Group_OF-32377_33437, Group_OF-32377_9523, Group_OF-32377_34763, Group_OF-32377_33433, Group_OF-32377_22792, Group_OF-32377_22743, Group_OF-32377_22742, Group_OF-32377_46710, Group_OF-32377_2059, Group_OF-32377_3388, Group_OF-32377_3392, Group_OF-32377_2062, Group_OF-32377_3393, Group_OF-32377_33404, Group_OF-32377_34735, Group_OF-32377_34732, Group_OF-32377_33400, Group_OF-32377_3395, Group_OF-32377_46722, Group_OF-32377_22732, Group_OF-32377_46721, Group_OF-32377_2069, Group_OF-32377_22739, Group_OF-32377_2072, Group_OF-32377_34741, Group_OF-32377_2074, Group_OF-32377_2075, Group_OF-32377_33417, Group_OF-32377_34748, Group_OF-32377_22763, Group_OF-32377_22760, Group_OF-32377_2088, Group_OF-32377_51298, Group_OF-32377_34718, Group_OF-32377_46702, Group_OF-32377_22751, Group_OF-32377_46708, Group_OF-32377_22758, Group_OF-32377_46706, Group_OF-32377_51283, Group_OF-32377_34720, Group_OF-32377_34726, Group_OF-32377_38297, Group_OF-32377_3345, Group_OF-32377_4677, Group_OF-32377_3346, Group_OF-32377_22703, Group_OF-32377_3348, Group_OF-32377_3352, Group_OF-32377_3357, Group_OF-32377_4686, Group_OF-32377_4685, Group_OF-32377_51260, Group_OF-32377_26295, Group_OF-32377_52594, Group_OF-32377_51264, Group_OF-32377_26296, Group_OF-32377_4695, Group_OF-32377_51266, Group_OF-32377_26298, Group_OF-32377_4692, Group_OF-32377_40593, Group_OF-32377_40592, Group_OF-32377_22720, Group_OF-32377_38277, Group_OF-32377_3367, Group_OF-32377_4699, Group_OF-32377_3365, Group_OF-32377_4697, Group_OF-32377_3366, Group_OF-32377_4696, Group_OF-32377_22726, Group_OF-32377_38270, Group_OF-32377_38271, Group_OF-32377_3370, Group_OF-32377_51251, Group_OF-32377_52585, Group_OF-32377_51256, Group_OF-32377_38287, Group_OF-32377_22716, Group_OF-32377_38280, Group_OF-32377_38282, Group_OF-32377_38283, Group_OF-32377_2051, Group_OF-32377_51242, Group_OF-32377_51241, Group_OF-32377_2054, Group_OF-32377_51243, Group_OF-32377_52575, Group_OF-32377_39583, Group_OF-32377_39582, Group_OF-32377_38254, Group_OF-32377_38255, Group_OF-32377_14289, Group_OF-32377_14287, Group_OF-32377_40573, Group_OF-32377_5964, Group_OF-32377_14281, Group_OF-32377_26262, Group_OF-32377_53892, Group_OF-32377_53893, Group_OF-32377_51231, Group_OF-32377_26263, Group_OF-32377_52560, Group_OF-32377_53891, Group_OF-32377_27598, Group_OF-32377_51235, Group_OF-32377_51237, Group_OF-32377_51236, Group_OF-32377_14273, Group_OF-32377_38264, Group_OF-32377_14272, Group_OF-32377_38265, Group_OF-32377_38268, Group_OF-32377_4644, Group_OF-32377_5973, Group_OF-32377_5976, Group_OF-32377_52551, Group_OF-32377_51220, Group_OF-32377_3320, Group_OF-32377_4650, Group_OF-32377_26254, Group_OF-32377_27586, Group_OF-32377_51223, Group_OF-32377_52556, Group_OF-32377_51227, Group_OF-32377_52557, Group_OF-32377_53888, Group_OF-32377_41881, Group_OF-32377_38233, Group_OF-32377_39564, Group_OF-32377_40552, Group_OF-32377_39566, Group_OF-32377_41882, Group_OF-32377_3324, Group_OF-32377_3321, Group_OF-32377_3322, Group_OF-32377_5988, Group_OF-32377_53870, Group_OF-32377_26283, Group_OF-32377_52543, Group_OF-32377_3331, Group_OF-32377_5991, Group_OF-32377_38239, Group_OF-32377_51216, Group_OF-32377_38241, Group_OF-32377_14293, Group_OF-32377_38242, Group_OF-32377_41890, Group_OF-32377_40565, Group_OF-32377_41893, Group_OF-32377_40567, Group_OF-32377_41897, Group_OF-32377_3339, Group_OF-32377_4669, Group_OF-32377_4667, Group_OF-32377_26272, Group_OF-32377_26274, Group_OF-32377_4673, Group_OF-32377_4672, Group_OF-32377_52536, Group_OF-32377_51206, Group_OF-32377_51205, Group_OF-32377_52538]",,2026-08-26T04:11:05.000Z,,[diwakar@skyhightest2.onmicrosoft.com],,,,,,,,,[Diwakar Naramreddy],,[diwakar_skyhightest2.onmicrosoft.com#EXT#@skyhightest4.onmicrosoft.com],,"[mail_ & security,  Group%]",,,,,
lmcneil,lmcneil,1,0,2026-08-25 00:00:00.000+0000,1,1,1,[workday],0,0,0,1936357,,,,,,,,,2026-08-26T04:10:53.900Z,,,[lmcneil],,,,,,,,,,,,,,,,,[1.0]
user2@shn3.net,user2@shn3.net,1,0,2026-08-25 00:00:00.000+0000,1,1,1,"[microsoft - teams, sharepoint, azuread, onedrive, exchange online]",0,0,0,7108,,,,,[8d47a916-c77a-4d46-b7e4-62e1260d2fda],,"[adsynceuprod, test,690,of, testcollector, dl1, test_gpsite, jastest private team, 501reg, jasteams public, dlpapi, test690of, hello, automation_ad_office365_group, guest_team, ods4dl]",,2026-08-26T04:11:04.500Z,,[user2@shn3.net],[user2@shn3.net],,,,,,,,[user2],[emaildlp],[user2@shn3.net],,,,,,,[28.0]
cpadaladlp+1@gmail.com,cpadaladlp+1@gmail.com,1,0,2026-08-25 00:00:00.000+0000,1,1,1,[box],0,0,0,0,,,,,,,,,2026-08-26T04:10:46.400Z,,,,,,,,,,,,,,,,,,,,
rkcrm333@gmail.com,rkcrm333@gmail.com,1,0,2026-08-25 00:00:00.000+0000,1,1,1,[salesforce],0,0,0,940,,,,,,,,,2026-08-26T04:10:55.100Z,,,,,,,,,,,,,,,,,,,,
user3@shn3.net,user3@shn3.net,4,0,2026-08-25 00:00:00.000+0000,5,6,1,"[sharepoint, azuread, onedrive, microsoft copilot, exchange online]",869,0,22,67384,[user3],,,[Campbell],[66e27f68-0f1a-4ae0-b064-1b2afce35409],[Bangalore],"[indexer_designer_jastest, nested list 2, final, dl1, test690of, testug_of, testsite, distributed_list, automation_ad_office365_group, ods4dl, jastest private team]",[o365],2026-08-26T04:10:46.500Z,,[user3@shn3.net],[user3@shn3.net],,[user3@shn3.net],[mgroad],,[SkyhighSecurity],[shn3],,[user3],"[revati's skyhigh admins, test692_nested, test_662_eu_se]",[user3@shn3.net],,"[test702,meqaarmetis, test,690,me, test_662_eu_me, test690me, test_700_me, testme712,cc, test_me_365_1, test2,me_365_1]",[test],[user3@shn3.net],[mcafeetest0122@gmail.com],,[41.0]
nishant.chulet@trellix.com.feprd.csqa,nishant.chulet@trellix.com.feprd.csqa,1,0,2026-08-25 00:00:00.000+0000,1,1,1,[salesforce],0,0,0,330,,,,,,,,,2026-08-26T04:10:45.400Z,,,,,,,,,,,,,,,,,,,,
skyhighdlp,skyhighdlp,1,0,2026-08-25 00:00:00.000+0000,1,1,1,[slack],0,0,0,18,,,,,,,,,2026-08-26T04:11:02.800Z,,,,,,,,,,,,,,,,,,,,
powerappscustomermanagementplanebackend@onmicrosoft.com,powerappscustomermanagementplanebackend@onmicrosoft.com,1,0,2026-08-25 00:00:00.000+0000,1,1,1,[microsoft dynamics 365],0,0,0,204,,,,,,,,,2026-08-26T04:11:06.600Z,,,,,,,,,,,,,,,,,,,,
shn.smokeqaas3@gmail.com,shn.smokeqaas3@gmail.com,1,0,2026-08-25 00:00:00.000+0000,1,1,1,[salesforce],47,0,0,1737468,,,,,,,,,2026-08-26T04:11:01.200Z,,,[shn.smokeqaas3@gmail.com],,,,,,,,,,,,,,,,,[1.0]
system,system,1,0,2026-08-25 00:00:00.000+0000,1,1,1,"[google drive, service now]",164,0,0,37005,,,,,,,,,2026-08-26T04:11:13.400Z,,,,,,,,,,,,,,,,,,,,
apolloprodfirstparty@onmicrosoft.com,apolloprodfirstparty@onmicrosoft.com,1,0,2026-08-25 00:00:00.000+0000,1,1,1,[microsoft dynamics 365],0,0,0,636,,,,,,,,,2026-08-26T04:11:01.900Z,,,,,,,,,,,,,,,,,,,,
baviyasundar2000@gmail.com,baviyasundar2000@gmail.com,1,0,2026-08-25 00:00:00.000+0000,1,1,1,[salesforce],0,0,0,4828,,,,,,,,,2026-08-26T04:10:45.400Z,,,,,,,,,,,,,,,,,,,,
varun.murali@skyhighsecurity.com,varun.murali@skyhighsecurity.com,1,0,2026-08-25 00:00:00.000+0000,1,1,1,[chatgpt],0,0,21,230,,,,,,,,,2026-08-26T04:11:05.100Z,,,,,,,,,,,,,,,,,,,,
abhay.singh@trellix.com,abhay.singh@trellix.com,1,0,2026-08-25 00:00:00.000+0000,1,1,1,[salesforce],0,0,0,6898,,,,,,,,,2026-08-26T04:10:55.100Z,,,[abhay.singh@trellix.com],,,,,,,,,,,,,,,,,[1.0]
ravikumar.buchannagari@trellix.com.csqa,ravikumar.buchannagari@trellix.com.csqa,1,0,2026-08-25 00:00:00.000+0000,1,1,1,[salesforce],0,0,0,210,,,,,,,,,2026-08-26T04:10:53.900Z,,,,,,,,,,,,,,,,,,,,
1,1,1,0,2026-08-25 00:00:00.000+0000,1,1,1,[box],0,0,0,15,,,,,,,,,2026-08-26T04:11:06.400Z,,,,,,,,,,,,,,,,,,,,
anupkumar.pandey@trellix.com,anupkumar.pandey@trellix.com,1,0,2026-08-25 00:00:00.000+0000,1,1,1,[salesforce],0,0,0,19530,,,,,,,,,2026-08-26T04:10:56.000Z,,,[anupkumar.pandey@trellix.com],,,,,,,,,,,,,,,,,[2.0]
mcafeeappuser@shndevhari.com,mcafeeappuser@shndevhari.com,1,0,2026-08-25 00:00:00.000+0000,1,1,1,[microsoft dynamics 365],0,0,0,33832,,,,,,,,,2026-08-26T04:11:04.400Z,,,,,,,,,,,,,,,,,,,,
autoproc@00d3000000063lseay,autoproc@00d3000000063lseay,1,0,2026-08-25 00:00:00.000+0000,1,1,1,[salesforce],0,0,0,398275,,,,,,,,,2026-08-26T04:11:13.300Z,,,,,,,,,,,,,,,,,,,,
joel.hall@trellix.com.csqa,joel.hall@trellix.com.csqa,1,0,2026-08-25 00:00:00.000+0000,1,1,1,[salesforce],0,0,0,221,,,,,,,,,2026-08-26T04:10:56.100Z,,,,,,,,,,,,,,,,,,,,
shnboxtest1+1@gmail.com,shnboxtest1+1@gmail.com,1,0,2026-08-25 00:00:00.000+0000,1,1,1,[box],0,0,0,10259,,,,,,,,,2026-08-26T04:11:05.100Z,,,,,,,,,,,,,,,,,,,,
aibuilderprod@onmicrosoft.com,aibuilderprod@onmicrosoft.com,1,0,2026-08-25 00:00:00.000+0000,1,1,1,[microsoft dynamics 365],0,0,0,1390,,,,,,,,,2026-08-26T04:11:05.200Z,,,,,,,,,,,,,,,,,,,,
skyhigh.qaas2@gmail.com,skyhigh.qaas2@gmail.com,1,0,2026-08-25 00:00:00.000+0000,1,1,1,[zoom],0,0,0,2729,,,,,,,,,2026-08-26T04:11:06.600Z,,,[skyhigh.qaas2@gmail.com],,,,,,,,,,,,,,,,,[4.0]
abhinav.punia@trellix.com,abhinav.punia@trellix.com,1,0,2026-08-25 00:00:00.000+0000,1,1,1,[salesforce],0,0,0,6768,,,,,,,,,2026-08-26T04:10:46.400Z,,,,,,,,,,,,,,,,,,,,
serviceprincipal_958bf225-851f-4d79-8770-52bfe8af63c6,serviceprincipal_958bf225-851f-4d79-8770-52bfe8af63c6,1,0,2026-08-25 00:00:00.000+0000,1,1,1,[azuread],0,0,0,23,,,,,,,,,2026-08-26T04:11:08.000Z,,,[serviceprincipal_958bf225-851f-4d79-8770-52bfe8af63c6],,,,,,,,,,,,,,,,,[32.0]
yuki.kaneko@trellix.com.invalid,yuki.kaneko@trellix.com.invalid,1,0,2026-08-25 00:00:00.000+0000,1,1,1,[salesforce],0,0,0,110,,,,,,,,,2026-08-26T04:11:13.500Z,,,,,,,,,,,,,,,,,,,,
ravi.hingarajiya@skyhighsecurity.com,ravi.hingarajiya@skyhighsecurity.com,1,0,2026-08-25 00:00:00.000+0000,1,1,1,"[atlassian access, chatgpt]",0,0,0,15,,,,,,,,,2026-08-26T04:11:13.400Z,,,,,,,,,,,,,,,,,,,,
abhinav.punia@trellix.com.feprd.csqa,abhinav.punia@trellix.com.feprd.csqa,1,0,2026-08-25 00:00:00.000+0000,1,1,1,[salesforce],0,0,0,615,,,,,,,,,2026-08-26T04:10:53.900Z,,,,,,,,,,,,,,,,,,,,
shnboxtest1@gmail.com,shnboxtest1@gmail.com,1,0,2026-08-25 00:00:00.000+0000,1,1,1,[box],0,0,11,48003,,,,,,,,,2026-08-26T04:10:56.200Z,,,[shnboxtest1@gmail.com],,,,,,,,,,,,,,,,,[7.0]
aibuilder_structuredml_prod_cds@onmicrosoft.com,aibuilder_structuredml_prod_cds@onmicrosoft.com,1,0,2026-08-25 00:00:00.000+0000,1,1,1,[microsoft dynamics 365],0,0,0,4175,,,,,,,,,2026-08-26T04:11:01.100Z,,,,,,,,,,,,,,,,,,,,
javed.khan@fireeye.com.invalid,javed.khan@fireeye.com.invalid,1,0,2026-08-25 00:00:00.000+0000,1,1,1,[salesforce],0,0,0,380,,,,,,,,,2026-08-26T04:11:06.500Z,,,,,,,,,,,,,,,,,,,,
noreply@00dws00000lwfrxmad,noreply@00dws00000lwfrxmad,1,0,2026-08-25 00:00:00.000+0000,1,1,1,[salesforce],0,0,0,2860,,,,,,,,,2026-08-26T04:10:45.400Z,,,,,,,,,,,,,,,,,,,,
tantri.tanisha@trellix.com,tantri.tanisha@trellix.com,1,0,2026-08-25 00:00:00.000+0000,1,1,1,[salesforce],0,0,0,2994,,,,,,,,,2026-08-26T04:10:46.500Z,,,,,,,,,,,,,,,,,,,,
app@sharepoint,app@sharepoint,1,0,2026-08-25 00:00:00.000+0000,3,1,1,"[sharepoint, onedrive]",0,1,11,144581,,,,,,,,,2026-08-26T04:11:05.000Z,,,[app@sharepoint],,,,,,,,,,,,,,,,,[85.0]
bhaskarray,bhaskarray,1,0,2026-08-25 00:00:00.000+0000,1,1,1,[sharepoint],0,0,0,1461,,,,,,,,,2026-08-26T04:11:01.900Z,,,,,,,,,,,,,,,,,,,,
oktaprovisioning.apiuser@trellix.com.csqa,oktaprovisioning.apiuser@trellix.com.csqa,1,0,2026-08-25 00:00:00.000+0000,1,1,1,[salesforce],0,0,0,2971,,,,,,,,,2026-08-26T04:11:01.200Z,,,,,,,,,,,,,,,,,,,,
skyhigh.casb.int.user@trellix.com.csqa,skyhigh.casb.int.user@trellix.com.csqa,1,0,2026-08-25 00:00:00.000+0000,1,1,1,[salesforce],0,0,0,208297,,,,,,,,,2026-08-26T04:11:03.000Z,,,,,,,,,,,,,,,,,,,,
nishant.chulet@trellix.com,nishant.chulet@trellix.com,1,0,2026-08-25 00:00:00.000+0000,1,1,1,[salesforce],0,0,0,16643,,,,,,,,,2026-08-26T04:11:01.200Z,,,[nishant.chulet@trellix.com],,,,,,,,,,,,,,,,,[2.0]
s-1-8-618832045-1217504451-1955385509-1851076329,s-1-8-618832045-1217504451-1955385509-1851076329,1,0,2026-08-25 00:00:00.000+0000,1,1,1,[exchange online],0,0,0,2,,,,,,,,,2026-08-26T04:11:13.400Z,,,,,,,,,,,,,,,,,,,,
terri.kellerman@skyhighsecurity.com,terri.kellerman@skyhighsecurity.com,1,0,2026-08-25 00:00:00.000+0000,1,1,1,[chatgpt],0,0,0,36,,,,,,,,,2026-08-26T04:10:54.100Z,,,,,,,,,,,,,,,,,,,,
skyhighsectesting@gmail.com,skyhighsectesting@gmail.com,1,0,2026-08-25 00:00:00.000+0000,1,1,1,"[dropbox for business, azuread, slack, exchange online]",0,0,0,34586,,,,,[e9bb3e4d-769b-4253-b52d-1f9daadf551a],,"[test711,of711, test702 qaarmetis of, testcollector, test690of, test_of_365_1, testug_of, test702,qaarmetis,of1, user_701_of, guest_team, user701,of$, testnewbc1, jastest private team]",,2026-08-26T04:10:54.100Z,,[skyhighsectesting@gmail.com],[skyhighsectesting@gmail.com],,,,,,,,[skyhighsectesting],,[skyhighsectesting_gmail.com#ext#@shnqaeu2.onmicrosoft.com],,,,,,,[17.0]
atlassianinternalsystem,atlassianinternalsystem,1,0,2026-08-25 00:00:00.000+0000,1,1,1,[atlassian access],0,0,0,4,,,,,,,,,2026-08-26T04:10:45.400Z,,,,,,,,,,,,,,,,,,,,
sharepoint\system,sharepoint\system,1,0,2026-08-25 00:00:00.000+0000,1,1,1,"[sharepoint, onedrive]",0,0,0,84,,,,,,,,,2026-08-26T04:11:02.000Z,,,,,,,,,,,,,,,,,,,,
relevancesearch@onmicrosoft.com,relevancesearch@onmicrosoft.com,1,0,2026-08-25 00:00:00.000+0000,1,1,1,[microsoft dynamics 365],0,0,0,5496,,,,,,,,,2026-08-26T04:11:01.200Z,,,,,,,,,,,,,,,,,,,,
powerappsdataplanebackend@onmicrosoft.com,powerappsdataplanebackend@onmicrosoft.com,1,0,2026-08-25 00:00:00.000+0000,1,1,1,[microsoft dynamics 365],0,0,0,214,,,,,,,,,2026-08-26T04:10:54.100Z,,,,,,,,,,,,,,,,,,,,
own.archival@trellix.com.csqa,own.archival@trellix.com.csqa,1,0,2026-08-25 00:00:00.000+0000,1,1,1,[salesforce],0,0,0,7401,,,,,,,,,2026-08-26T04:11:07.200Z,,,,,,,,,,,,,,,,,,,,
tantri.tanisha@trellix.com.csqa,tantri.tanisha@trellix.com.csqa,1,0,2026-08-25 00:00:00.000+0000,1,1,1,[salesforce],0,0,0,15,,,,,,,,,2026-08-26T04:10:46.500Z,,,,,,,,,,,,,,,,,,,,
datalakestorage@onmicrosoft.com,datalakestorage@onmicrosoft.com,1,0,2026-08-25 00:00:00.000+0000,1,1,1,[microsoft dynamics 365],0,0,0,240,,,,,,,,,2026-08-26T04:11:01.100Z,,,,,,,,,,,,,,,,,,,,
ccaanalytics@onmicrosoft.com,ccaanalytics@onmicrosoft.com,1,0,2026-08-25 00:00:00.000+0000,1,1,1,[microsoft dynamics 365],0,0,0,2703,,,,,,,,,2026-08-26T04:11:01.100Z,,,,,,,,,,,,,,,,,,,,
serviceprincipal_d0fb9a8d-bcb2-40cd-acd4-159b9792d09f,serviceprincipal_d0fb9a8d-bcb2-40cd-acd4-159b9792d09f,1,0,2026-08-25 00:00:00.000+0000,1,1,1,[azuread],0,0,0,28,,,,,,,,,2026-08-26T04:11:06.600Z,,,[serviceprincipal_d0fb9a8d-bcb2-40cd-acd4-159b9792d09f],,,,,,,,,,,,,,,,,[37.0]
user1@skyhighcsm1.onmicrosoft.com,user1@skyhighcsm1.onmicrosoft.com,1,0,2026-08-25 00:00:00.000+0000,1,1,1,[azuread],3,0,0,1880,,,,,[13c19fbe-9a41-446f-953d-c313d869e3dc],,"[internalexternal, test1]",,2026-08-26T04:11:06.600Z,,[user1@skyhighcsm1.onmicrosoft.com],[user1@skyhighcsm1.onmicrosoft.com],,,,,,,,[user1],"[test690sec, test,680,sec, test_662_eu_se]",[user1_skyhighcsm1.onmicrosoft.com#EXT#@skyhightest4.onmicrosoft.com],,"[mail_ & security, Group%]",,,,,[1.0]
dhanusha.m@skyhighsecurity.com,dhanusha.m@skyhighsecurity.com,1,0,2026-08-25 00:00:00.000+0000,2,1,1,"[salesforce, anthropic-claude, chatgpt]",0,0,50,5541480,,,,,,,,,2026-08-26T04:11:02.900Z,,,[dhanusha.m@skyhighsecurity.com],,,,,,,,,,,,,,,,,[44.0]
api,api,1,0,2026-08-25 00:00:00.000+0000,1,1,1,[onelogin],0,0,0,7145,,,,,,,,,2026-08-26T04:11:06.600Z,,,,,,,,,,,,,,,,,,,,
admin@shndev06.com,admin@shndev06.com,2,0,2026-08-25 00:00:00.000+0000,3,2,2,"[google chat, google drive]",21,0,10,15577,,[shndev06.com],,,[5e4f185f-8f34-44d1-bdda-82c5fd8fff57],,"[test711,of711, test_of_365_1, test702,qaarmetis,of1]",,2026-08-26T04:11:01.900Z,[admin@shndev06.com],[admin@shndev06.com],[admin@shndev06.com],,,,,,,[],[admin],[‎test711sec secof711],[admin_shndev06.com#ext#@shnqaeu2.onmicrosoft.com],,,,,,[/],[32.0]
jive_api_user@trellix.com.csqa,jive_api_user@trellix.com.csqa,1,0,2026-08-25 00:00:00.000+0000,1,1,1,[salesforce],0,0,0,18601,,,,,,,,,2026-08-26T04:11:01.200Z,,,,,,,,,,,,,,,,,,,,
trellixthrive@00d3000000063lseay.org.force.com.invalid,trellixthrive@00d3000000063lseay.org.force.com.invalid,1,0,2026-08-25 00:00:00.000+0000,1,1,1,[salesforce],0,0,192,215874,,,,,,,,,2026-08-26T04:10:55.200Z,,,,,,,,,,,,,,,,,,,,
joel.hall+testadmin@trellix.com,joel.hall+testadmin@trellix.com,1,0,2026-08-25 00:00:00.000+0000,1,1,1,[salesforce],0,0,0,1436,,,,,,,,,2026-08-26T04:10:56.100Z,,,,,,,,,,,,,,,,,,,,
dhanusha@shnqatest3.com,dhanusha@shnqatest3.com,1,0,2026-08-25 00:00:00.000+0000,1,1,1,[google drive],0,0,0,30,,[shnqatest3.com],,,,,,,2026-08-26T04:11:13.400Z,[dhanusha@shnqatest3.com],,,,,,,,,[],,,,,,,,,[/],
harinandan@shndevhari.com,harinandan@shndevhari.com,1,0,2026-08-25 00:00:00.000+0000,1,1,1,[microsoft dynamics 365],0,0,0,2836,,,,,[cace8dc2-82c2-4349-ba37-19b9de372051],,[provider],,2026-08-26T04:11:02.800Z,,[harinandan@shndevhari.com],[harinandan@shndevhari.com],,,,,,,,[harinandan],,[harinandan_shndevhari.com#ext#@sedlp.onmicrosoft.com],,,,,,,
user11@shnqaeu2.onmicrosoft.com,user11@shnqaeu2.onmicrosoft.com,1,0,2026-08-25 00:00:00.000+0000,1,1,1,[exchange online],0,0,0,79,,,,,[673dbe8a-2aae-4bc1-8eb0-2ab2d4582ed5],,"[test711,of711, new2705, random, pwhcaqsads, test692_reg-of, test_gpsite, test_700_of, testnewbc1]",,2026-08-26T04:10:56.200Z,,[user11@shnqaeu2.onmicrosoft.com],[user11@shnqaeu2.onmicrosoft.com],,,,,,,,[user11 shn],"[test702se,qaarmetis3, test_700_sec, test692_reg_sec_test, test692,reg,se1, test,680,sec]",[user11@shnqaeu2.onmicrosoft.com],,,,,,,
methuna.sivalingam@skyhighsecurity.com,methuna.sivalingam@skyhighsecurity.com,1,0,2026-08-25 00:00:00.000+0000,1,1,1,[chatgpt],0,0,3,54,,,,,,,,,2026-08-26T04:11:07.200Z,,,,,,,,,,,,,,,,,,,,
teamco2,teamco2,1,0,2026-08-25 00:00:00.000+0000,1,1,1,[microsoft - teams],0,0,0,0,,,,,,,,,2026-08-26T04:10:46.500Z,,,,,,,,,,,,,,,,,,,,
sanjeev_neelarapu@mcafee.com,sanjeev_neelarapu@mcafee.com,1,0,2026-08-25 00:00:00.000+0000,1,1,1,[cisco webex teams],0,0,0,6020,,,,,[e3588795-147a-4c69-9e0a-2f898bf52a1b],,"[externalo365, external, internalexternalo365, test_670_of_1]",,2026-08-26T04:11:06.600Z,,[sanjeev_neelarapu@mcafee.com],[sanjeev_neelarapu@mcafee.com],,,,,,,,"[neelarapu, sanjeev]",[ktm],[sanjeev_neelarapu_mcafee.com#ext#@shnqaeu2.onmicrosoft.com],,"[comma,seperated,group]",,,,,
powerplatformauthorization@onmicrosoft.com,powerplatformauthorization@onmicrosoft.com,1,0,2026-08-25 00:00:00.000+0000,1,1,1,[microsoft dynamics 365],0,0,0,474,,,,,,,,,2026-08-26T04:10:54.100Z,,,,,,,,,,,,,,,,,,,,
user1@shn3.net,user1@shn3.net,1,0,2026-08-25 00:00:00.000+0000,2,1,1,"[microsoft - teams, sharepoint, azuread, onedrive, microsoft copilot, exchange online]",1,0,13,18096,,,,,[8e9393b7-41f2-4c90-8099-0cb2aeb95dd0],,"[test711,of711, dl1, distributed_list, jastest private team, qatestautomation, external, qaautomation, 501reg, jasteams public, 440reg, colletctor1, indexer_designer_jastest, hfsplash, testchannelqa, hello, guest_team, ods4dl, testnewbc1]",,2026-08-26T04:10:54.100Z,,[user1@shn3.net],[user1@shn3.net],,,,,,,,[user1shn],"[testsec217, test702se,qaarmetis3, test_700_sec, ‎test711sec,secof711, revati's skyhigh admins, test692_nested, test692_reg_sec_test, test692,reg,se1, test,680,sec, test_662_eu_se]",[user1@shn3.net],,"[test702,meqaarmetis, collector3, test,690,me, test692,reg,me1, test_662_eu_me, test690me, testme217, test692_reg_me, test_700_me, testme712,cc, test_me_365_1, test2,me_365_1]",,,,,[96.0]
microsoftcopilotstudio@onmicrosoft.com,microsoftcopilotstudio@onmicrosoft.com,1,0,2026-08-25 00:00:00.000+0000,1,1,1,[microsoft dynamics 365],0,0,0,4468,,,,,,,,,2026-08-26T04:10:45.400Z,,,,,,,,,,,,,,,,,,,,
powerplatformdataanalytics@onmicrosoft.com,powerplatformdataanalytics@onmicrosoft.com,1,0,2026-08-25 00:00:00.000+0000,1,1,1,[microsoft dynamics 365],0,0,0,123,,,,,,,,,2026-08-26T04:10:45.400Z,,,,,,,,,,,,,,,,,,,,
baviya.s@trellix.com,baviya.s@trellix.com,1,0,2026-08-25 00:00:00.000+0000,1,1,1,[salesforce],0,0,13,27048,,,,,,,,,2026-08-26T04:11:05.000Z,,,[baviya.s@trellix.com],,,,,,,,,,,,,,,,,[4.0]
skyhighsecuritycompliancecontrol.,skyhighsecuritycompliancecontrol.,1,0,2026-08-25 00:00:00.000+0000,1,1,1,[microsoft - teams],0,0,0,2005,,,,,,,,,2026-08-26T04:11:07.300Z,,,,,,,,,,,,,,,,,,,,
admin@shndev081.onmicrosoft.com,admin@shndev081.onmicrosoft.com,1,0,2026-08-25 00:00:00.000+0000,1,2,1,"[microsoft - teams, azuread]",13,0,3,63,,,,,[a126befd-885d-4b7a-88d8-bdaee9c57b62],,"[testsite, jastest private team]",,2026-08-26T04:10:53.900Z,,[admin@shndev081.onmicrosoft.com],[admin@shndev081.onmicrosoft.com],,,,,,,,[sunil chandrasekhar],"[‎test711sec secof711, scim2]",[admin_shndev081.onmicrosoft.com#ext#@shnqaeu2.onmicrosoft.com],,,,,,,
flow-rp@onmicrosoft.com,flow-rp@onmicrosoft.com,1,0,2026-08-25 00:00:00.000+0000,1,1,1,[microsoft dynamics 365],0,0,0,184,,,,,,,,,2026-08-26T04:10:54.100Z,,,,,,,,,,,,,,,,,,,,
test1mcafee4488+1@gmail.com,test1mcafee4488+1@gmail.com,3,0,2026-08-25 00:00:00.000+0000,3,6,1,[box],0,0,19,26305,,,,,,,,,2026-08-26T04:11:02.800Z,,,[test1mcafee4488+1@gmail.com],,,,,,,,,,,,,,,,,[77.0]
nehaneal140320@gmail.com,nehaneal140320@gmail.com,1,0,2026-08-25 00:00:00.000+0000,1,1,1,[box],0,0,0,1472,,,,,,,,,2026-08-26T04:11:13.400Z,,,,,,,,,,,,,,,,,,,,
baviya.s@trellix.com.csqa,baviya.s@trellix.com.csqa,1,0,2026-08-25 00:00:00.000+0000,1,1,1,[salesforce],0,0,4,879,,,,,,,,,2026-08-26T04:11:04.400Z,,,,,,,,,,,,,,,,,,,,
dlcsecrmadmin@trellix.com,dlcsecrmadmin@trellix.com,1,0,2026-08-25 00:00:00.000+0000,1,1,1,[salesforce],0,0,0,509,,,,,,,,,2026-08-26T04:11:01.200Z,,,[dlcsecrmadmin@trellix.com],,,,,,,,,,,,,,,,,[1.0]
christian_wolf@shn3.net,christian_wolf@shn3.net,1,0,2026-08-25 00:00:00.000+0000,1,1,1,[azuread],0,0,0,9,,,,,[ca83601d-390c-4603-9b87-543435ca7b8d],,,,2026-08-26T04:11:02.900Z,,[christian_wolf@shn3.net],[christian_wolf@shn3.net],,,,,,,,[christian wolf],"[christians scim sse compliance admins, christians scim see users, scim2]",[christian_wolf@shn3.net],,,,,,,[50.0]
trellixstatus@00dwj000000tr292aa.org.force.com,trellixstatus@00dwj000000tr292aa.org.force.com,1,0,2026-08-25 00:00:00.000+0000,1,1,1,[salesforce],0,0,313,122613,,,,,,,,,2026-08-26T04:11:05.100Z,,,,,,,,,,,,,,,,,,,,
atlassianapp,atlassianapp,1,0,2026-08-25 00:00:00.000+0000,1,1,1,[atlassian access],0,0,0,49,,,,,,,,,2026-08-26T04:11:01.100Z,,,,,,,,,,,,,,,,,,,,
